hv(eV),n(hV),I(hv)(eV),eta_SQ,eta_UL
0.3103,1.866564e+21,92.81167,0.0553,0.214
0.3107,1.901423e+21,94.6635,0.0555,0.2142
0.3111,1.909804e+21,95.20001,0.0557,0.2144
0.3115,1.890977e+21,94.37995,0.0559,0.2147
0.3119,1.915099e+21,95.70411,0.056,0.2149
0.3123,1.951299e+21,97.63599,0.0562,0.2151
0.3127,1.975598e+21,98.97648,0.0564,0.2154
0.3131,1.953635e+21,97.99975,0.0565,0.2156
0.3135,1.939136e+21,97.39539,0.0567,0.2158
0.3139,1.908719e+21,95.98902,0.0569,0.2161
0.3143,1.879917e+21,94.66038,0.0571,0.2163
0.3147,1.838383e+21,92.68647,0.0572,0.2165
0.3151,1.819369e+21,91.84442,0.0574,0.2168
0.3155,1.737546e+21,87.82543,0.0576,0.217
0.3159,1.682261e+21,85.13937,0.0578,0.2173
0.3163,1.698978e+21,86.09505,0.0579,0.2175
0.3167,1.702279e+21,86.37252,0.0581,0.2178
0.3171,1.731808e+21,87.98315,0.0583,0.218
0.3175,1.916565e+21,97.4943,0.0585,0.2182
0.3179,1.908852e+21,97.22639,0.0586,0.2185
0.3183,1.793696e+21,91.47828,0.0588,0.2187
0.3187,1.644781e+21,83.99144,0.059,0.219
0.3191,1.612233e+21,82.43535,0.0592,0.2192
0.3195,1.549642e+21,79.3371,0.0594,0.2195
0.32,1.597524e+21,81.89405,0.0595,0.2197
0.3204,1.732174e+21,88.91133,0.0597,0.22
0.3208,1.898592e+21,97.57954,0.0599,0.2202
0.3212,1.866737e+21,96.06662,0.0601,0.2205
0.3216,1.979171e+21,101.9848,0.0603,0.2207
0.322,2.045371e+21,105.5329,0.0605,0.2209
0.3225,2.026496e+21,104.695,0.0606,0.2212
0.3229,2.063547e+21,106.748,0.0608,0.2214
0.3233,1.761449e+21,91.23914,0.061,0.2217
0.3237,2.188191e+21,113.4914,0.0612,0.2219
0.3241,2.159887e+21,112.1699,0.0614,0.2222
0.3246,2.185242e+21,113.6352,0.0616,0.2224
0.325,1.748755e+21,91.05652,0.0618,0.2227
0.3254,1.851518e+21,96.53385,0.0619,0.2229
0.3258,2.081291e+21,108.6563,0.0621,0.2232
0.3263,2.196593e+21,114.8266,0.0623,0.2234
0.3267,1.968235e+21,103.0248,0.0625,0.2236
0.3271,1.71449e+21,89.86123,0.0627,0.2239
0.3276,1.940189e+21,101.8251,0.0629,0.2242
0.328,2.09968e+21,110.3413,0.0631,0.2244
0.3284,1.977231e+21,104.044,0.0633,0.2247
0.3289,1.985093e+21,104.5962,0.0635,0.2249
0.3293,1.852799e+21,97.75523,0.0637,0.2252
0.3297,1.913005e+21,101.066,0.0638,0.2254
0.3302,1.933008e+21,102.2587,0.064,0.2257
0.3306,1.98921e+21,105.3722,0.0642,0.2259
0.3311,2.203205e+21,116.8637,0.0644,0.2262
0.3315,1.879688e+21,99.83683,0.0646,0.2264
0.332,1.815948e+21,96.58051,0.0648,0.2267
0.3324,1.953422e+21,104.0313,0.065,0.227
0.3328,2.245115e+21,119.7261,0.0652,0.2272
0.3333,2.168782e+21,115.8109,0.0654,0.2275
0.3337,1.92052e+21,102.692,0.0656,0.2277
0.3342,1.941513e+21,103.9544,0.0658,0.228
0.3346,2.224014e+21,119.2411,0.066,0.2282
0.3351,2.237234e+21,120.112,0.0662,0.2285
0.3355,2.075371e+21,111.5727,0.0664,0.2287
0.336,1.977237e+21,106.441,0.0666,0.229
0.3365,1.917563e+21,103.3686,0.0668,0.2293
0.3369,1.685808e+21,90.99907,0.067,0.2295
0.3374,9.730842e+20,52.59805,0.0672,0.2298
0.3378,1.585619e+21,85.82414,0.0674,0.2301
0.3383,2.049416e+21,111.0792,0.0676,0.2304
0.3388,2.172623e+21,117.9179,0.0678,0.2306
0.3392,2.176419e+21,118.2856,0.068,0.2309
0.3397,1.998688e+21,108.7749,0.0682,0.2312
0.3401,2.084081e+21,113.5779,0.0685,0.2314
0.3406,2.248036e+21,122.6813,0.0687,0.2317
0.3411,2.008471e+21,109.7584,0.0689,0.2319
0.3416,1.933385e+21,105.8006,0.0691,0.2322
0.342,1.980335e+21,108.5194,0.0693,0.2325
0.3425,2.236993e+21,122.7532,0.0695,0.2328
0.343,1.816985e+21,99.84344,0.0697,0.233
0.3434,1.810621e+21,99.63156,0.0699,0.2333
0.3439,1.970565e+21,108.5831,0.0701,0.2336
0.3444,1.944002e+21,107.2681,0.0703,0.2338
0.3449,1.824233e+21,100.7994,0.0706,0.2341
0.3454,1.775734e+21,98.25624,0.0708,0.2344
0.3458,1.71497e+21,95.02635,0.071,0.2347
0.3463,1.897809e+21,105.3043,0.0712,0.235
0.3468,1.603689e+21,89.10882,0.0714,0.2352
0.3473,1.540291e+21,85.706,0.0716,0.2355
0.3478,1.996207e+21,111.2302,0.0719,0.2358
0.3483,1.977561e+21,110.3459,0.0721,0.2361
0.3488,1.652392e+21,92.33154,0.0723,0.2364
0.3493,1.914258e+21,107.1146,0.0725,0.2367
0.3497,1.726235e+21,96.72979,0.0727,0.2369
0.3502,1.626682e+21,91.2801,0.073,0.2372
0.3507,1.695956e+21,95.30193,0.0732,0.2375
0.3512,1.987281e+21,111.8308,0.0734,0.2378
0.3517,2.032379e+21,114.5308,0.0736,0.2381
0.3522,2.146641e+21,121.1416,0.0739,0.2384
0.3527,2.026769e+21,114.5396,0.0741,0.2386
0.3532,2.10048e+21,118.8743,0.0743,0.2389
0.3537,2.064593e+21,117.01,0.0745,0.2392
0.3542,2.074571e+21,117.7435,0.0748,0.2395
0.3547,2.126015e+21,120.8358,0.075,0.2398
0.3553,1.798289e+21,102.3554,0.0752,0.2401
0.3558,2.07843e+21,118.4702,0.0754,0.2403
0.3563,1.920625e+21,109.6326,0.0757,0.2406
0.3568,1.864481e+21,106.581,0.0759,0.2409
0.3573,2.080548e+21,119.1036,0.0761,0.2412
0.3578,1.658385e+21,95.07336,0.0764,0.2415
0.3583,2.107349e+21,120.9865,0.0766,0.2418
0.3589,1.391377e+21,79.99694,0.0768,0.2421
0.3594,1.859543e+21,107.069,0.0771,0.2424
0.3599,1.87886e+21,108.3383,0.0773,0.2427
0.3604,1.328029e+21,76.6877,0.0775,0.243
0.3609,1.901219e+21,109.9467,0.0778,0.2433
0.3615,1.423703e+21,82.45211,0.078,0.2436
0.362,1.632298e+21,94.67066,0.0783,0.2439
0.3625,2.138239e+21,124.1958,0.0785,0.2442
0.3631,1.176808e+21,68.45283,0.0787,0.2445
0.3636,1.139898e+21,66.40305,0.079,0.2448
0.3641,7.148006e+20,41.7008,0.0792,0.2452
0.3647,1.996257e+21,116.631,0.0795,0.2455
0.3652,1.516773e+21,88.74778,0.0797,0.2458
0.3657,1.558912e+21,91.34791,0.08,0.2461
0.3663,1.179483e+21,69.21651,0.0802,0.2464
0.3668,8.014116e+20,47.09942,0.0805,0.2468
0.3674,1.319907e+21,77.68663,0.0807,0.2471
0.3679,6.120992e+20,36.08016,0.081,0.2474
0.3685,1.112458e+21,65.67122,0.0813,0.2478
0.369,8.070916e+20,47.71558,0.0815,0.2481
0.3696,5.567203e+20,32.96257,0.0818,0.2485
0.3701,1.225414e+21,72.6632,0.082,0.2488
0.3707,5.380801e+20,31.95416,0.0823,0.2491
0.3712,5.234772e+20,31.1335,0.0826,0.2495
0.3718,1.365914e+21,81.3587,0.0828,0.2498
0.3723,6.989158e+20,41.69243,0.0831,0.2502
0.3729,5.251875e+20,31.37612,0.0834,0.2505
0.3734,8.913095e+18,0.5332945,0.0836,0.2509
0.374,2.386288e+18,0.1429934,0.0839,0.2513
0.3746,5.777165e+20,34.67076,0.0842,0.2516
0.3751,5.777555e+20,34.72556,0.0845,0.252
0.3757,2.596406e+20,15.62915,0.0848,0.2524
0.3763,1.777018e+20,10.71305,0.085,0.2528
0.3769,1.266208e+21,76.45147,0.0853,0.2531
0.3774,1.601697e+21,96.85491,0.0856,0.2534
0.378,4.104047e+20,24.85508,0.0859,0.2538
0.3786,8.452581e+20,51.26898,0.0861,0.2542
0.3792,1.730062e+20,10.5097,0.0864,0.2545
0.3797,3.457418e+20,21.03514,0.0867,0.2549
0.3803,1.72296e+20,10.49867,0.087,0.2553
0.3809,1.391555e+21,84.92313,0.0873,0.2557
0.3815,3.633275e+20,22.20708,0.0875,0.256
0.3821,1.018475e+20,6.234656,0.0878,0.2564
0.3827,5.173761e+20,31.72035,0.0881,0.2568
0.3833,1.002642e+21,61.56701,0.0884,0.2572
0.3839,4.662988e+19,2.867731,0.0887,0.2575
0.3844,2.706783e+19,1.667248,0.089,0.2579
0.385,2.180991e+20,13.45472,0.0893,0.2583
0.3856,6.712907e+19,4.14769,0.0896,0.2587
0.3862,1.83103e+19,1.133097,0.0899,0.2591
0.3868,4.140231e+19,2.566097,0.0902,0.2595
0.3875,5.833207e+19,3.621045,0.0905,0.2599
0.3881,3.565806e+20,22.16989,0.0908,0.2603
0.3887,5.586916e+20,34.79029,0.0911,0.2607
0.3893,1.06028e+21,66.12834,0.0914,0.2611
0.3899,1.386768e+21,86.62703,0.0917,0.2615
0.3905,1.199498e+21,75.04683,0.092,0.2618
0.3911,1.618827e+21,101.442,0.0923,0.2622
0.3917,1.804402e+21,113.2495,0.0926,0.2625
0.3924,1.182808e+21,74.35389,0.0929,0.2629
0.393,7.187411e+20,45.25324,0.0932,0.2633
0.3936,8.470344e+20,53.41547,0.0935,0.2637
0.3942,4.107046e+20,25.94093,0.0938,0.2641
0.3949,4.178498e+20,26.43426,0.0941,0.2645
0.3955,1.431936e+21,90.73244,0.0944,0.2648
0.3961,7.173287e+20,45.52505,0.0947,0.2652
0.3967,3.753117e+20,23.85716,0.095,0.2656
0.3974,1.21093e+21,77.09765,0.0953,0.266
0.398,2.783024e+20,17.74743,0.0956,0.2664
0.3987,1.032879e+20,6.597292,0.0959,0.2668
0.3993,1.120111e+20,7.165985,0.0963,0.2673
0.3999,5.323455e+20,34.1121,0.0966,0.2677
0.4006,7.885817e+19,5.061307,0.0969,0.2681
0.4012,2.85168e+20,18.33238,0.0972,0.2685
0.4019,2.106608e+20,13.56454,0.0976,0.269
0.4025,4.297399e+20,27.71607,0.0979,0.2694
0.4032,7.109523e+20,45.92741,0.0982,0.2698
0.4039,2.055e+20,13.29689,0.0985,0.2702
0.4045,3.403577e+20,22.05879,0.0989,0.2706
0.4052,7.330687e+20,47.58827,0.0992,0.2711
0.4058,3.351154e+19,2.179013,0.0995,0.2715
0.4065,1.188991e+20,7.743819,0.0999,0.2719
0.4072,4.825007e+20,31.47656,0.1002,0.2724
0.4078,2.309039e+20,15.08809,0.1006,0.2728
0.4085,2.836155e+20,18.56299,0.1009,0.2732
0.4092,6.862032e+20,44.98697,0.1012,0.2737
0.4099,8.432843e+20,55.37647,0.1016,0.2741
0.4105,7.086876e+19,4.661487,0.1019,0.2745
0.4112,6.181744e+20,40.72867,0.1022,0.275
0.4119,7.582529e+20,50.04079,0.1026,0.2754
0.4126,3.184774e+20,21.05284,0.1029,0.2758
0.4133,8.602717e+20,56.96276,0.1033,0.2762
0.414,4.663742e+20,30.93245,0.1036,0.2767
0.4147,1.115742e+21,74.12577,0.104,0.2771
0.4154,7.519242e+20,50.03874,0.1043,0.2775
0.4161,1.437787e+20,9.584178,0.1046,0.278
0.4168,9.133209e+19,6.098359,0.105,0.2784
0.4175,3.747798e+19,2.506665,0.1054,0.2789
0.4182,7.871937e+20,52.73919,0.1057,0.2793
0.4189,4.84079e+20,32.48637,0.1061,0.2798
0.4196,2.447491e+20,16.45281,0.1064,0.2802
0.4203,5.44911e+20,36.69274,0.1068,0.2807
0.421,1.502628e+20,10.13544,0.1071,0.2812
0.4217,1.679062e+20,11.34478,0.1075,0.2816
0.4224,6.662638e+20,45.09358,0.1079,0.2821
0.4232,6.01126e+20,40.7544,0.1082,0.2825
0.4239,1.10094e+20,7.476777,0.1086,0.283
0.4246,2.926337e+20,19.90756,0.109,0.2835
0.4253,1.265284e+20,8.622358,0.1093,0.284
0.4261,2.72348e+20,18.59122,0.1097,0.2844
0.4268,1.104491e+19,0.755253,0.1101,0.2849
0.4275,8.036193e+19,5.504641,0.1105,0.2854
0.4283,2.624738e+20,18.01001,0.1109,0.2859
0.429,1.825157e+19,1.254524,0.1112,0.2864
0.4298,4.419768e+19,3.043198,0.1116,0.2869
0.4305,2.398023e+19,1.654007,0.112,0.2874
0.4312,3.779412e+19,2.611338,0.1124,0.2879
0.432,6.05943e+17,0.04193981,0.1128,0.2884
0.4328,1.6006e+19,1.109775,0.1132,0.2889
0.4335,2.408441e+18,0.167281,0.1136,0.2894
0.4343,4.239382e+16,0.002949667,0.114,0.2899
0.435,1.087114e+17,0.007577164,0.1144,0.2904
0.4358,3.793696e+18,0.2648847,0.1148,0.2909
0.4366,1.82376e+16,0.001275633,0.1152,0.2914
0.4373,19683680000000.0,1.379208e-06,0.1156,0.2919
0.4381,3.589799e+17,0.02519767,0.116,0.2924
0.4389,1.611568e+16,0.0011332,0.1164,0.293
0.4397,1871001000000.0,1.317958e-07,0.1168,0.2935
0.4404,25980480000000.0,1.83335e-06,0.1172,0.294
0.4412,36245870000000.0,2.562293e-06,0.1176,0.2945
0.442,6046693000.0,4.282148e-10,0.1181,0.295
0.4428,146924400000.0,1.042347e-08,0.1185,0.2956
0.4436,32097500.0,2.281213e-12,0.1189,0.2961
0.4444,10731500.0,7.640693e-13,0.1193,0.2966
0.4452,0.0003408808,2.431386e-23,0.1197,0.2972
0.446,4.193132e-11,2.996197e-30,0.1201,0.2977
0.4468,3.469745e-15,2.483769e-34,0.1206,0.2982
0.4476,0.7230925,5.1855e-20,0.121,0.2988
0.4484,0.0002298288,1.651148e-23,0.1214,0.2993
0.4492,0.0,0.0,0.1218,0.2999
0.45,5.710732e-21,4.117624e-40,0.1223,0.3004
0.4509,1.40578e-05,1.015456e-24,0.1227,0.3009
0.4517,1.104022,7.989362e-20,0.1231,0.3015
0.4525,0.0001947268,1.41173e-23,0.1236,0.302
0.4533,455.9388,3.311508e-17,0.124,0.3026
0.4542,50173.8,3.650824e-15,0.1245,0.3032
0.455,59.92288,4.368202e-18,0.1249,0.3037
0.4558,4.579889e-22,3.344742e-41,0.1254,0.3043
0.4567,0.003133069,2.292327e-22,0.1258,0.3048
0.4575,9.091123e-13,6.663845e-32,0.1262,0.3054
0.4584,2.355857e-19,1.730048e-38,0.1267,0.306
0.4592,0.0,0.0,0.1271,0.3065
0.4601,5.665334e-10,4.175835e-29,0.1276,0.3071
0.4609,8.082017e-07,5.96821e-26,0.1281,0.3077
0.4618,0.0,0.0,0.1285,0.3082
0.4626,0.0,0.0,0.129,0.3088
0.4635,0.0,0.0,0.1294,0.3094
0.4644,0.0,0.0,0.1299,0.31
0.4652,8.548122e-15,6.371624e-34,0.1304,0.3105
0.4661,0.01992094,1.487664e-21,0.1308,0.3111
0.467,9.979635e-05,7.466666e-24,0.1313,0.3117
0.4679,10801.37,8.09673e-16,0.1318,0.3123
0.4687,67611.22,5.077731e-15,0.1322,0.3129
0.4696,8778227.0,6.605101e-13,0.1327,0.3135
0.4705,28991070.0,2.185547e-12,0.1332,0.3141
0.4714,2.070072e-22,1.563531e-41,0.1337,0.3147
0.4723,2.841254e-05,2.150094e-24,0.1342,0.3153
0.4732,4.126178e-06,3.128407e-25,0.1346,0.3159
0.4741,8.128963e-15,6.175044e-34,0.1351,0.3165
0.475,4.291495e-11,3.266215e-30,0.1356,0.3171
0.4759,4.166823e-12,3.177415e-31,0.1361,0.3177
0.4769,3.205085e-05,2.448741e-24,0.1366,0.3183
0.4778,1.620419e-10,1.240414e-29,0.1371,0.3189
0.4787,3.865285e-08,2.964547e-27,0.1376,0.3195
0.4796,1.205912e-11,9.266842e-31,0.1381,0.3202
0.4806,26.64641,2.051614e-18,0.1386,0.3208
0.4815,7.477377e-05,5.768311e-24,0.1391,0.3214
0.4824,105160.9,8.12826e-15,0.1396,0.322
0.4834,1093241000.0,8.466527e-11,0.1401,0.3227
0.4843,2113094000000.0,1.639666e-07,0.1406,0.3233
0.4853,70667920000000.0,5.494245e-06,0.1411,0.3239
0.4862,19000520000.0,1.480137e-09,0.1416,0.3246
0.4872,3598020000000.0,2.808358e-07,0.1422,0.3252
0.4881,2.509481e+16,0.001962577,0.1427,0.3258
0.4891,1.157654e+16,0.0009071464,0.1432,0.3265
0.4901,4.181461e+16,0.0032831,0.1437,0.3271
0.491,2.705629e+18,0.2128548,0.1442,0.3278
0.492,2.407653e+19,1.897885,0.1448,0.3284
0.493,3.350974e+19,2.64673,0.1453,0.3291
0.494,1.423006e+20,11.26185,0.1458,0.3297
0.4949,9.695422e+19,7.688393,0.1464,0.3304
0.4959,4.481673e+20,35.61039,0.1469,0.331
0.4969,1.814424e+20,14.44591,0.1474,0.3316
0.4979,2.201016e+20,17.55902,0.148,0.3323
0.4989,3.495543e+20,27.94248,0.1485,0.3329
0.4999,4.97899e+20,39.88101,0.149,0.3336
0.5009,1.012933e+21,81.29841,0.1495,0.3342
0.502,1.023449e+21,82.3087,0.1501,0.3348
0.503,1.468551e+21,118.3447,0.1506,0.3354
0.504,2.016636e+21,162.843,0.151,0.3359
0.505,1.493105e+21,120.8135,0.1515,0.3364
0.5061,8.127284e+20,65.89553,0.152,0.337
0.5071,1.234285e+21,100.2797,0.1526,0.3376
0.5081,2.550954e+21,207.6775,0.1531,0.3382
0.5092,8.721649e+20,71.15022,0.1536,0.3387
0.5102,2.627501e+21,214.7896,0.154,0.3393
0.5113,1.915277e+21,156.8904,0.1545,0.3398
0.5123,1.530106e+21,125.598,0.155,0.3403
0.5134,1.561246e+21,128.4194,0.1555,0.3409
0.5145,1.921728e+21,158.3987,0.156,0.3414
0.5155,1.897705e+21,156.7438,0.1565,0.342
0.5166,2.478116e+21,205.1101,0.157,0.3425
0.5177,2.264308e+21,187.8048,0.1575,0.343
0.5188,2.05698e+21,170.9656,0.158,0.3435
0.5198,1.698007e+21,141.4255,0.1585,0.3441
0.5209,2.329207e+21,194.4051,0.159,0.3446
0.522,2.401315e+21,200.8455,0.1595,0.3451
0.5231,1.665684e+21,139.6114,0.16,0.3457
0.5242,2.65373e+21,222.8959,0.1605,0.3462
0.5254,2.681124e+21,225.674,0.161,0.3467
0.5265,2.517541e+21,212.3549,0.1615,0.3472
0.5276,2.188696e+21,185.0096,0.162,0.3477
0.5287,2.691218e+21,227.9726,0.1625,0.3482
0.5298,2.384577e+21,202.4287,0.163,0.3487
0.531,2.996392e+21,254.9109,0.1634,0.3492
0.5321,2.91848e+21,248.8155,0.1639,0.3496
0.5333,2.868654e+21,245.0936,0.1644,0.3501
0.5344,2.638052e+21,225.8769,0.1649,0.3506
0.5356,2.92882e+21,251.3149,0.1654,0.3511
0.5367,3.196613e+21,274.8873,0.1658,0.3515
0.5379,2.942245e+21,253.5622,0.1663,0.352
0.5391,2.905997e+21,250.9828,0.1668,0.3525
0.5402,3.006891e+21,260.2625,0.1673,0.3529
0.5414,3.082607e+21,267.3987,0.1678,0.3534
0.5426,3.055677e+21,265.6427,0.1682,0.3538
0.5438,3.190044e+21,277.9319,0.1687,0.3543
0.545,3.060721e+21,267.2508,0.1692,0.3547
0.5462,3.080765e+21,269.5934,0.1697,0.3552
0.5474,3.214732e+21,281.9377,0.1702,0.3557
0.5486,3.136872e+21,275.7179,0.1706,0.3561
0.5498,3.151529e+21,277.6204,0.1711,0.3566
0.551,3.327032e+21,293.7319,0.1716,0.357
0.5523,3.254412e+21,287.9604,0.1721,0.3574
0.5535,3.336764e+21,295.9062,0.1726,0.3579
0.5547,3.368005e+21,299.3448,0.173,0.3583
0.556,3.411821e+21,303.9191,0.1735,0.3587
0.5572,3.374611e+21,301.28,0.174,0.3592
0.5585,3.453065e+21,308.9786,0.1745,0.3596
0.5597,3.365497e+21,301.8228,0.1749,0.36
0.561,3.476076e+21,312.445,0.1754,0.3604
0.5623,3.221613e+21,290.2294,0.1759,0.3609
0.5636,3.078346e+21,277.953,0.1764,0.3613
0.5648,3.391906e+21,306.9629,0.1769,0.3618
0.5661,3.372021e+21,305.86,0.1774,0.3622
0.5674,3.157615e+21,287.0677,0.1779,0.3627
0.5687,3.441299e+21,313.5758,0.1784,0.3631
0.57,3.360858e+21,306.9499,0.1788,0.3635
0.5714,3.401959e+21,311.4196,0.1793,0.364
0.5727,3.144216e+21,288.4902,0.1798,0.3644
0.574,3.4441e+21,316.7368,0.1803,0.3648
0.5753,3.447463e+21,317.7818,0.1808,0.3653
0.5767,3.415412e+21,315.5595,0.1813,0.3657
0.578,3.585867e+21,332.0806,0.1818,0.3661
0.5794,3.611823e+21,335.2658,0.1823,0.3665
0.5807,3.557997e+21,331.0429,0.1827,0.3669
0.5821,3.522464e+21,328.5062,0.1832,0.3673
0.5835,3.453222e+21,322.8064,0.1837,0.3677
0.5848,3.388515e+21,317.5046,0.1842,0.3682
0.5862,3.521516e+21,330.747,0.1847,0.3686
0.5876,3.419591e+21,321.9351,0.1852,0.369
0.589,3.527852e+21,332.9161,0.1857,0.3694
0.5904,3.238804e+21,306.367,0.1862,0.3699
0.5918,3.350651e+21,317.7033,0.1867,0.3703
0.5932,3.302735e+21,313.9092,0.1872,0.3707
0.5946,3.131952e+21,298.3909,0.1877,0.3712
0.5961,3.171954e+21,302.9285,0.1883,0.3717
0.5975,2.809271e+21,268.938,0.1888,0.3721
0.599,2.365238e+21,226.9766,0.1894,0.3727
0.6004,2.212242e+21,212.8086,0.1899,0.3733
0.6019,2.455958e+21,236.8265,0.1905,0.3738
0.6033,1.934695e+21,187.0153,0.1911,0.3744
0.6048,2.376081e+21,230.2417,0.1918,0.375
0.6063,3.162507e+21,307.1955,0.1923,0.3756
0.6078,3.094796e+21,301.3551,0.1928,0.376
0.6093,3.298104e+21,321.9412,0.1934,0.3765
0.6108,2.882225e+21,282.0385,0.1939,0.377
0.6123,2.495299e+21,244.779,0.1945,0.3775
0.6138,1.50536e+21,148.0354,0.1951,0.3781
0.6153,8.852113e+20,87.26668,0.1958,0.3789
0.6168,1.310571e+21,129.5213,0.1965,0.3797
0.6184,4.90931e+20,48.63879,0.1973,0.3805
0.6199,1.239396e+21,123.0996,0.198,0.3813
0.6215,2.61751e+21,260.6286,0.1987,0.382
0.623,2.739404e+21,273.4511,0.1993,0.3825
0.6246,2.637827e+21,263.9748,0.1998,0.383
0.6262,2.379955e+21,238.7702,0.2004,0.3836
0.6278,2.122526e+21,213.4827,0.2011,0.3842
0.6294,1.51633e+21,152.8988,0.2018,0.3849
0.631,8.79931e+20,88.95343,0.2025,0.3857
0.6326,6.697126e+20,67.87487,0.2033,0.3866
0.6342,3.044795e+20,30.93769,0.2041,0.3875
0.6358,5.035923e+20,51.30043,0.2049,0.3884
0.6375,3.245381e+20,33.14536,0.2057,0.3893
0.6391,9.730029e+19,9.962975,0.2065,0.3903
0.6407,1.057104e+20,10.85209,0.2074,0.3913
0.6424,1.612495e+19,1.659655,0.2083,0.3923
0.6441,2.711408e+19,2.797955,0.2091,0.3933
0.6458,1.295206e+19,1.340029,0.21,0.3943
0.6474,5.687758e+17,0.05899958,0.2109,0.3953
0.6491,6.519795e+17,0.06780742,0.2118,0.3964
0.6508,1.590642e+16,0.001658647,0.2127,0.3974
0.6525,2.401215e+16,0.002510464,0.2136,0.3985
0.6543,3.577288e+18,0.3749914,0.2145,0.3995
0.656,6.121948e+18,0.6434346,0.2154,0.4006
0.6577,1.193594e+18,0.125783,0.2163,0.4016
0.6595,2.091031e+18,0.2209425,0.2173,0.4027
0.6612,12078870000000.0,1.279681e-06,0.2182,0.4038
0.663,7079045000000.0,7.519859e-07,0.2191,0.4049
0.6648,4.472831e+17,0.04764093,0.2201,0.4059
0.6666,2.913465e+17,0.03111526,0.221,0.407
0.6684,7359462000000000.0,0.0007880953,0.222,0.4081
0.6702,7.710672e+16,0.008279367,0.2229,0.4092
0.672,1.597801e+17,0.01720295,0.2239,0.4103
0.6738,1585985000000000.0,0.0001712213,0.2249,0.4115
0.6757,1.610396e+17,0.01743305,0.2258,0.4126
0.6775,1.294959e+17,0.01405664,0.2268,0.4137
0.6794,3.145224e+19,3.42346,0.2278,0.4148
0.6812,2.417299e+19,2.63837,0.2288,0.416
0.6831,7.966594e+19,8.71912,0.2298,0.4171
0.685,2.333275e+20,25.60731,0.2308,0.4182
0.6869,3.537451e+20,38.93049,0.2317,0.4193
0.6888,7.536748e+20,83.1741,0.2327,0.4204
0.6907,1.102073e+21,121.9614,0.2336,0.4213
0.6926,2.07032e+21,229.753,0.2344,0.4222
0.6946,1.777687e+21,197.8307,0.2352,0.4229
0.6965,2.301353e+21,256.8265,0.236,0.4237
0.6985,2.607627e+21,291.8258,0.2367,0.4243
0.7005,3.190863e+21,358.1059,0.2374,0.4249
0.7025,2.965652e+21,333.7736,0.238,0.4254
0.7045,3.541285e+21,399.6914,0.2386,0.4259
0.7065,3.358214e+21,380.1087,0.2392,0.4263
0.7085,3.604865e+21,409.1924,0.2398,0.4267
0.7105,3.339969e+21,380.2101,0.2404,0.4272
0.7126,3.597321e+21,410.6829,0.241,0.4276
0.7146,3.425592e+21,392.2047,0.2416,0.428
0.7167,3.65948e+21,420.194,0.2422,0.4284
0.7187,3.711416e+21,427.3927,0.2427,0.4287
0.7208,3.863115e+21,446.155,0.2433,0.4291
0.7229,3.884207e+21,449.8988,0.2438,0.4294
0.7251,3.814804e+21,443.152,0.2444,0.4297
0.7272,3.980271e+21,463.7297,0.2449,0.43
0.7285,4.083014e+21,476.5384,0.2452,0.4302
0.7293,3.984655e+21,465.6058,0.2454,0.4303
0.7297,4.092326e+21,478.4686,0.2455,0.4303
0.7302,4.122475e+21,482.2774,0.2456,0.4304
0.7306,3.592934e+21,420.5755,0.2457,0.4304
0.731,4.144173e+21,485.3876,0.2458,0.4305
0.7315,4.145942e+21,485.8813,0.2459,0.4305
0.7319,4.041697e+21,473.9439,0.246,0.4306
0.7323,4.163991e+21,488.5729,0.2461,0.4306
0.7328,4.072831e+21,478.1593,0.2462,0.4307
0.7332,3.789769e+21,445.1904,0.2463,0.4307
0.7336,4.022149e+21,472.7679,0.2464,0.4308
0.7341,4.053162e+21,476.6953,0.2465,0.4308
0.7345,4.103577e+21,482.9106,0.2466,0.4309
0.7349,3.993164e+21,470.1957,0.2467,0.4309
0.7354,4.091537e+21,482.0649,0.2468,0.431
0.7358,4.141565e+21,488.2487,0.2469,0.431
0.7362,3.838688e+21,452.8114,0.247,0.431
0.7367,4.046508e+21,477.6095,0.2471,0.4311
0.7371,3.934965e+21,464.7201,0.2472,0.4311
0.7376,3.750705e+21,443.2225,0.2473,0.4312
0.738,3.95791e+21,467.9863,0.2474,0.4313
0.7384,4.09402e+21,484.3685,0.2475,0.4313
0.7389,4.012277e+21,474.9802,0.2476,0.4314
0.7393,4.065237e+21,481.5367,0.2477,0.4314
0.7398,4.041912e+21,479.0595,0.2478,0.4314
0.7402,4.075706e+21,483.3532,0.2479,0.4315
0.7406,4.109361e+21,487.6357,0.248,0.4315
0.7411,4.112268e+21,488.2723,0.2481,0.4316
0.7415,4.013421e+21,476.8207,0.2482,0.4316
0.742,4.144899e+21,492.7358,0.2483,0.4317
0.7424,4.192114e+21,498.647,0.2484,0.4317
0.7429,4.061512e+21,483.4015,0.2485,0.4317
0.7433,4.043475e+21,481.5433,0.2486,0.4318
0.7438,3.962664e+21,472.2025,0.2487,0.4318
0.7442,3.357738e+21,400.3579,0.2488,0.4319
0.7446,3.969034e+21,473.5296,0.2489,0.432
0.7451,4.133996e+21,493.5071,0.249,0.432
0.7455,4.152131e+21,495.97,0.2491,0.432
0.746,4.083692e+21,488.0884,0.2492,0.4321
0.7464,4.164892e+21,498.0933,0.2493,0.4321
0.7469,4.147716e+21,496.338,0.2494,0.4322
0.7473,4.100921e+21,491.0341,0.2495,0.4322
0.7478,4.161427e+21,498.5794,0.2496,0.4322
0.7482,4.105134e+21,492.1318,0.2497,0.4323
0.7487,4.075211e+21,488.8396,0.2498,0.4323
0.7491,4.09176e+21,491.1213,0.2498,0.4324
0.7496,3.965295e+21,476.2298,0.2499,0.4324
0.7501,4.08538e+21,490.9488,0.25,0.4324
0.7505,4.095543e+21,492.4681,0.2501,0.4325
0.751,3.810733e+21,458.4987,0.2502,0.4325
0.7514,4.108592e+21,494.636,0.2503,0.4326
0.7519,3.981148e+21,479.5835,0.2504,0.4326
0.7523,3.935383e+21,474.3581,0.2505,0.4327
0.7528,4.130122e+21,498.1336,0.2506,0.4327
0.7532,3.938093e+21,475.2616,0.2507,0.4327
0.7537,3.944114e+21,476.2776,0.2508,0.4328
0.7542,4.033084e+21,487.3176,0.2509,0.4328
0.7546,3.878062e+21,468.8714,0.251,0.4329
0.7551,3.96931e+21,480.1959,0.2511,0.4329
0.7555,3.940172e+21,476.9614,0.2512,0.433
0.756,3.852559e+21,466.6401,0.2513,0.433
0.7565,3.937582e+21,477.2295,0.2514,0.433
0.7569,3.926989e+21,476.2362,0.2515,0.4331
0.7574,4.043236e+21,490.6332,0.2516,0.4331
0.7578,4.184996e+21,508.1458,0.2517,0.4332
0.7583,4.146803e+21,503.8163,0.2518,0.4332
0.7588,4.124142e+21,501.3698,0.2519,0.4332
0.7592,4.113922e+21,500.4337,0.252,0.4333
0.7597,4.204144e+21,511.722,0.2521,0.4333
0.7602,4.193778e+21,510.7732,0.2522,0.4333
0.7606,4.158814e+21,506.8255,0.2522,0.4333
0.7611,4.236466e+21,516.6057,0.2523,0.4334
0.7616,4.226741e+21,515.7365,0.2524,0.4334
0.762,4.210564e+21,514.0783,0.2525,0.4334
0.7625,4.184128e+21,511.1649,0.2526,0.4335
0.763,4.143484e+21,506.511,0.2527,0.4335
0.7634,4.220531e+21,516.2472,0.2528,0.4335
0.7639,4.208747e+21,515.1229,0.2529,0.4335
0.7644,4.115726e+21,504.0484,0.253,0.4336
0.7649,4.052084e+21,496.5604,0.253,0.4336
0.7653,4.04787e+21,496.3501,0.2531,0.4336
0.7658,4.152549e+21,509.5004,0.2532,0.4337
0.7663,4.188199e+21,514.1921,0.2533,0.4337
0.7668,4.02817e+21,494.8509,0.2534,0.4337
0.7672,3.949591e+21,485.4979,0.2535,0.4337
0.7677,4.12253e+21,507.07,0.2536,0.4338
0.7682,4.069467e+21,500.8534,0.2537,0.4338
0.7687,4.041631e+21,497.7358,0.2538,0.4338
0.7691,3.924757e+21,483.6424,0.2539,0.4339
0.7696,3.850231e+21,474.7532,0.254,0.4339
0.7701,3.687174e+21,454.9298,0.2541,0.434
0.7706,3.843859e+21,474.5565,0.2542,0.434
0.771,3.881095e+21,479.4516,0.2543,0.434
0.7715,3.92542e+21,485.2291,0.2544,0.4341
0.772,4.060047e+21,502.1831,0.2545,0.4341
0.7725,3.975749e+21,492.0628,0.2545,0.4342
0.773,3.827405e+21,473.9981,0.2546,0.4342
0.7735,3.745826e+21,464.1845,0.2547,0.4342
0.7739,3.741491e+21,463.9367,0.2548,0.4343
0.7744,3.719493e+21,461.4971,0.255,0.4343
0.7749,3.95983e+21,491.624,0.255,0.4344
0.7754,4.017481e+21,499.0935,0.2551,0.4344
0.7759,4.21192e+21,523.5762,0.2552,0.4344
0.7764,4.083459e+21,507.9253,0.2553,0.4344
0.7768,4.036177e+21,502.3587,0.2554,0.4345
0.7773,4.254474e+21,529.8608,0.2555,0.4345
0.7778,4.213753e+21,525.1185,0.2556,0.4345
0.7783,4.240132e+21,528.7375,0.2557,0.4345
0.7788,4.132544e+21,515.6453,0.2557,0.4345
0.7793,3.956664e+21,494.0099,0.2558,0.4346
0.7798,3.946271e+21,493.022,0.2559,0.4346
0.7803,3.784723e+21,473.1369,0.256,0.4346
0.7808,4.082286e+21,510.6573,0.2561,0.4347
0.7812,4.106388e+21,513.9959,0.2562,0.4347
0.7817,4.141717e+21,518.7449,0.2563,0.4347
0.7822,4.183199e+21,524.271,0.2564,0.4347
0.7827,4.018757e+21,503.9799,0.2565,0.4347
0.7832,3.987152e+21,500.3323,0.2565,0.4348
0.7837,3.889576e+21,488.3963,0.2566,0.4348
0.7842,3.990511e+21,501.3872,0.2567,0.4348
0.7847,3.917923e+21,492.5784,0.2568,0.4349
0.7852,3.78389e+21,476.0285,0.2569,0.4349
0.7857,3.751817e+21,472.2927,0.257,0.4349
0.7862,3.439903e+21,433.3024,0.2571,0.435
0.7867,3.922254e+21,494.3746,0.2572,0.435
0.7872,3.803114e+21,479.6621,0.2573,0.4351
0.7877,3.822949e+21,482.4701,0.2574,0.4351
0.7882,3.69904e+21,467.1291,0.2575,0.4351
0.7887,3.750035e+21,473.8702,0.2576,0.4352
0.7892,3.700692e+21,467.9326,0.2577,0.4352
0.7897,3.798592e+21,480.6175,0.2578,0.4353
0.7902,3.991608e+21,505.3608,0.2579,0.4353
0.7907,4.026244e+21,510.071,0.258,0.4353
0.7912,4.110096e+21,521.0262,0.2581,0.4353
0.7917,4.092409e+21,519.1153,0.2582,0.4353
0.7922,4.159744e+21,527.9939,0.2582,0.4354
0.7927,4.0797e+21,518.1651,0.2583,0.4354
0.7932,4.13436e+21,525.4433,0.2584,0.4354
0.7938,4.140201e+21,526.5226,0.2585,0.4354
0.7943,4.170247e+21,530.6834,0.2586,0.4354
0.7948,4.095339e+21,521.485,0.2586,0.4354
0.7953,4.124392e+21,525.5214,0.2587,0.4354
0.7958,4.122602e+21,525.6306,0.2588,0.4354
0.7963,4.147466e+21,529.1403,0.2589,0.4354
0.7968,4.024452e+21,513.776,0.259,0.4355
0.7973,4.085246e+21,521.8725,0.2591,0.4355
0.7978,4.033943e+21,515.6504,0.2591,0.4355
0.7984,4.126229e+21,527.7867,0.2592,0.4355
0.7989,4.125853e+21,528.0786,0.2593,0.4355
0.7994,4.099097e+21,524.9924,0.2594,0.4355
0.7999,4.080892e+21,522.998,0.2595,0.4355
0.8004,4.126118e+21,529.1355,0.2595,0.4355
0.8009,4.017672e+21,515.561,0.2596,0.4356
0.8014,4.105196e+21,527.133,0.2597,0.4356
0.802,4.123046e+21,529.7674,0.2598,0.4356
0.8025,4.148592e+21,533.3949,0.2599,0.4356
0.803,4.066564e+21,523.1869,0.2599,0.4356
0.8035,4.058369e+21,522.471,0.26,0.4356
0.804,4.008651e+21,516.405,0.2601,0.4356
0.8046,3.99744e+21,515.295,0.2602,0.4356
0.8051,3.928418e+21,506.7264,0.2603,0.4356
0.8056,4.039765e+21,521.4277,0.2604,0.4357
0.8061,4.018158e+21,518.976,0.2604,0.4357
0.8067,4.030081e+21,520.8545,0.2605,0.4357
0.8072,4.041053e+21,522.6127,0.2606,0.4357
0.8077,3.918914e+21,507.1472,0.2607,0.4357
0.8082,3.941453e+21,510.3964,0.2608,0.4357
0.8088,4.053991e+21,525.3119,0.2609,0.4357
0.8093,4.064312e+21,526.9931,0.2609,0.4357
0.8098,3.930176e+21,509.9333,0.261,0.4357
0.8104,3.711472e+21,481.8716,0.2611,0.4358
0.8109,3.954126e+21,513.7119,0.2612,0.4358
0.8114,4.045452e+21,525.9207,0.2613,0.4358
0.8119,3.790591e+21,493.1108,0.2614,0.4358
0.8125,3.858899e+21,502.3257,0.2614,0.4358
0.813,3.727332e+21,485.5174,0.2615,0.4359
0.8135,3.957858e+21,515.8838,0.2616,0.4359
0.8141,4.01677e+21,523.9063,0.2617,0.4359
0.8146,3.776096e+21,492.8388,0.2618,0.4359
0.8151,3.929673e+21,513.2203,0.2619,0.4359
0.8157,3.771496e+21,492.8861,0.262,0.4359
0.8162,3.47759e+21,454.7756,0.2621,0.436
0.8168,3.580656e+21,468.5623,0.2622,0.436
0.8173,3.533611e+21,462.7109,0.2623,0.436
0.8178,3.633294e+21,476.0778,0.2623,0.4361
0.8184,3.751765e+21,491.9258,0.2624,0.4361
0.8189,3.180428e+21,417.2884,0.2625,0.4361
0.8195,3.408699e+21,447.5343,0.2627,0.4362
0.82,3.658645e+21,480.6678,0.2627,0.4362
0.8205,3.708259e+21,487.5086,0.2628,0.4363
0.8211,3.781703e+21,497.4931,0.2629,0.4363
0.8216,2.607559e+21,343.2587,0.263,0.4363
0.8222,3.383788e+21,445.7368,0.2632,0.4364
0.8227,3.545483e+21,467.3463,0.2633,0.4365
0.8233,3.57435e+21,471.4641,0.2634,0.4365
0.8238,2.547016e+21,336.1799,0.2635,0.4366
0.8244,2.21415e+21,292.4394,0.2636,0.4367
0.8249,2.54942e+21,336.9451,0.2638,0.4368
0.8255,3.213405e+21,424.9835,0.2639,0.4369
0.826,3.64583e+21,482.4945,0.264,0.4369
0.8266,3.43423e+21,454.7939,0.2641,0.4369
0.8271,2.975781e+21,394.3446,0.2642,0.437
0.8277,2.588893e+21,343.304,0.2644,0.4371
0.8282,3.112496e+21,413.0128,0.2645,0.4372
0.8288,2.290886e+21,304.1924,0.2646,0.4373
0.8293,2.476367e+21,329.0413,0.2648,0.4374
0.8299,2.75763e+21,366.6587,0.2649,0.4375
0.8304,2.45347e+21,326.4356,0.2651,0.4376
0.831,2.217134e+21,295.1886,0.2652,0.4377
0.8316,2.661782e+21,354.6267,0.2654,0.4378
0.8321,2.347511e+21,312.9666,0.2655,0.4379
0.8327,2.543181e+21,339.2807,0.2656,0.438
0.8332,1.259867e+21,168.1893,0.2658,0.4382
0.8338,8.094135e+20,108.1275,0.266,0.4384
0.8343,1.644102e+21,219.7792,0.2662,0.4386
0.8349,1.662458e+21,222.3826,0.2664,0.4388
0.8355,1.824176e+21,244.1797,0.2666,0.4389
0.836,1.967751e+21,263.5759,0.2668,0.4391
0.8366,7.730069e+20,103.6124,0.267,0.4393
0.8372,1.520596e+21,203.9555,0.2672,0.4395
0.8377,7.981417e+20,107.126,0.2674,0.4397
0.8383,1.576446e+21,211.7325,0.2676,0.4399
0.8389,8.321802e+20,111.8458,0.2678,0.4401
0.8394,9.123378e+20,122.702,0.268,0.4404
0.84,8.979782e+20,120.8526,0.2683,0.4406
0.8406,2.405667e+21,323.9814,0.2685,0.4408
0.8411,1.265717e+21,170.5751,0.2686,0.4409
0.8417,9.109408e+20,122.8468,0.2688,0.4411
0.8423,6.056995e+20,81.73838,0.2691,0.4414
0.8429,2.306666e+20,31.14933,0.2693,0.4416
0.8434,6.407274e+20,86.58298,0.2696,0.4419
0.844,1.220779e+21,165.079,0.2698,0.4421
0.8446,9.883228e+20,133.7363,0.27,0.4424
0.8452,4.621691e+20,62.58171,0.2703,0.4426
0.8457,8.340396e+20,113.0132,0.2705,0.4428
0.8463,1.192169e+21,161.6504,0.2707,0.4431
0.8469,1.93449e+21,262.4836,0.2709,0.4432
0.8475,5.495727e+20,74.62037,0.2711,0.4435
0.848,1.657076e+21,225.1499,0.2713,0.4437
0.8486,1.143089e+21,155.4199,0.2715,0.4439
0.8492,1.079395e+21,146.8602,0.2717,0.4441
0.8498,2.05635e+21,279.9745,0.2719,0.4443
0.8504,1.716879e+21,233.9153,0.2721,0.4444
0.851,1.469338e+21,200.3266,0.2723,0.4446
0.8515,1.109248e+21,151.3366,0.2725,0.4448
0.8521,8.273247e+20,112.9509,0.2727,0.445
0.8527,1.717265e+21,234.6116,0.273,0.4452
0.8533,1.02106e+21,139.5926,0.2732,0.4454
0.8539,7.75122e+20,106.0425,0.2734,0.4457
0.8545,1.398047e+20,19.13952,0.2736,0.4459
0.8551,3.393141e+20,46.48475,0.2739,0.4462
0.8557,1.261582e+21,172.9513,0.2741,0.4465
0.8562,1.426129e+21,195.6441,0.2743,0.4467
0.8568,4.455036e+20,61.15885,0.2746,0.4469
0.8574,2.835176e+20,38.94828,0.2748,0.4472
0.858,6.094843e+20,83.78596,0.2751,0.4474
0.8586,7.554121e+20,103.9186,0.2753,0.4477
0.8592,5.497639e+20,75.68094,0.2756,0.448
0.8598,4.421432e+20,60.90799,0.2758,0.4482
0.8604,3.863458e+20,53.25849,0.2761,0.4485
0.861,4.801211e+20,66.23155,0.2763,0.4488
0.8616,6.175067e+20,85.24276,0.2766,0.449
0.8622,1.601311e+20,22.12042,0.2769,0.4493
0.8628,3.600046e+20,49.76544,0.2771,0.4496
0.8634,4.611022e+20,63.78511,0.2774,0.4499
0.864,2.569515e+20,35.56935,0.2776,0.4502
0.8646,2.50979e+20,34.7668,0.2779,0.4505
0.8652,4.281451e+20,59.3501,0.2782,0.4508
0.8658,3.003885e+19,4.166937,0.2785,0.4511
0.8664,5.96759e+20,82.8392,0.2787,0.4513
0.867,7.313968e+20,101.6,0.279,0.4516
0.8676,4.504701e+20,62.61961,0.2792,0.4519
0.8682,5.390044e+19,7.497918,0.2795,0.4522
0.8688,5.845715e+20,81.37487,0.2798,0.4525
0.8695,3.272168e+20,45.58192,0.28,0.4527
0.8701,3.037122e+20,42.33739,0.2803,0.453
0.8707,1.990201e+20,27.76282,0.2806,0.4533
0.8713,1.078682e+20,15.05792,0.2808,0.4536
0.8719,5.407148e+20,75.53448,0.2811,0.4539
0.8725,1.067604e+20,14.92426,0.2814,0.4542
0.8731,9.616615e+19,13.45273,0.2817,0.4545
0.8737,2.487537e+19,3.482281,0.2819,0.4548
0.8744,1.569689e+20,21.98943,0.2822,0.4551
0.875,1.358429e+20,19.04337,0.2825,0.4555
0.8756,4.099867e+20,57.51526,0.2828,0.4558
0.8762,2.112716e+18,0.2965932,0.2831,0.4561
0.8768,4.175843e+18,0.5866396,0.2834,0.4564
0.8775,2.675016e+20,37.60631,0.2836,0.4567
0.8781,3.017167e+19,4.244644,0.2839,0.457
0.8787,2.411483e+19,3.394954,0.2842,0.4573
0.8793,5.309994e+18,0.7480861,0.2845,0.4576
0.8799,7.03257e+18,0.9914702,0.2848,0.458
0.8806,1.869239e+19,2.637174,0.2851,0.4583
0.8812,1.974281e+18,0.278735,0.2854,0.4586
0.8818,2.307618e+19,3.260283,0.2857,0.4589
0.8824,4104045000000000.0,0.0005802464,0.286,0.4593
0.8831,8.303399e+18,1.174804,0.2863,0.4596
0.8837,2.668745e+19,3.778558,0.2866,0.4599
0.8843,2.053564e+19,2.909624,0.2869,0.4603
0.885,117548600000000.0,1.666694e-05,0.2872,0.4606
0.8856,36171790000000.0,5.132378e-06,0.2875,0.4609
0.8862,9.030366e+18,1.282225,0.2877,0.4612
0.8869,1.409351e+19,2.002574,0.288,0.4616
0.8875,5.430594e+17,0.0772196,0.2883,0.4619
0.8881,69828640000000.0,9.936301e-06,0.2886,0.4622
0.8888,7400060000000000.0,0.00105375,0.2889,0.4626
0.8894,8.306957e+17,0.1183739,0.2892,0.4629
0.8901,1.271581e+18,0.1813299,0.2895,0.4632
0.8907,2.604493e+17,0.03716726,0.2898,0.4636
0.8913,3.757465e+18,0.5365923,0.2901,0.4639
0.892,5.37892e+18,0.7687,0.2904,0.4642
0.8926,6.321572e+18,0.9040645,0.2907,0.4646
0.8933,4.371404e+16,0.006256163,0.2911,0.4649
0.8939,2.155521e+18,0.3087112,0.2914,0.4652
0.8945,2.725874e+16,0.003906782,0.2917,0.4656
0.8952,2.254405e+16,0.003233395,0.292,0.4659
0.8958,6640078000000000.0,0.0009530456,0.2923,0.4662
0.8965,472763700000000.0,6.79045e-05,0.2926,0.4666
0.8971,2.751319e+16,0.003954664,0.2929,0.4669
0.8978,2.536177e+16,0.003648065,0.2932,0.4672
0.8984,8.705934e+17,0.1253178,0.2935,0.4676
0.8991,5.554191e+17,0.08000796,0.2938,0.4679
0.8997,1.178141e+19,1.69834,0.2941,0.4683
0.9004,1.300779e+18,0.187649,0.2944,0.4686
0.901,2.723679e+18,0.3932006,0.2947,0.4689
0.9017,3.412698e+18,0.4930282,0.295,0.4693
0.9024,1.887047e+18,0.2728177,0.2953,0.4696
0.903,4.66618e+17,0.06750992,0.2956,0.47
0.9037,2.883504e+16,0.004174871,0.2959,0.4703
0.9043,206451800000000.0,2.991285e-05,0.2963,0.4707
0.905,3048609000000000.0,0.0004420361,0.2966,0.471
0.9057,5382459000000000.0,0.0007810051,0.2969,0.4713
0.9063,1539467000.0,2.23543e-10,0.2972,0.4717
0.907,5.161524e+16,0.007500428,0.2975,0.472
0.9076,1.323774e+17,0.0192504,0.2978,0.4724
0.9083,93727870000.0,1.363995e-08,0.2981,0.4727
0.909,1.400193e+16,0.002039154,0.2984,0.4731
0.9096,3.245062e+16,0.004729375,0.2988,0.4734
0.9103,185434600000.0,2.704521e-08,0.2991,0.4738
0.911,49269080000000.0,7.19106e-06,0.2994,0.4741
0.9116,2.186094e+16,0.003193056,0.2997,0.4745
0.9123,7484147000000000.0,0.001093955,0.3,0.4748
0.913,4.265478e+16,0.006239425,0.3003,0.4752
0.9137,7.283438e+17,0.1066187,0.3007,0.4755
0.9143,4.866429e+17,0.07128978,0.301,0.4759
0.915,3.639884e+16,0.005336111,0.3013,0.4762
0.9157,2.923788e+18,0.4289472,0.3016,0.4766
0.9164,9.663976e+17,0.1418844,0.3019,0.4769
0.917,1.521602e+19,2.235635,0.3023,0.4773
0.9177,4.635381e+19,6.815641,0.3026,0.4776
0.9184,1.600872e+20,23.55588,0.3029,0.478
0.9191,1.610673e+20,23.71768,0.3032,0.4783
0.9198,4.719241e+19,6.954388,0.3035,0.4786
0.9204,5.965841e+20,87.97934,0.3038,0.479
0.9211,5.761172e+20,85.02417,0.3041,0.4793
0.9218,1.077234e+21,159.0978,0.3044,0.4795
0.9225,7.456503e+20,110.2078,0.3046,0.4798
0.9232,1.250158e+21,184.9122,0.3049,0.4801
0.9239,1.74657e+21,258.5294,0.3051,0.4803
0.9246,1.668352e+21,247.1357,0.3053,0.4804
0.9253,1.644302e+21,243.7549,0.3055,0.4806
0.9259,1.723478e+21,255.6829,0.3057,0.4808
0.9266,1.731582e+21,257.0772,0.3059,0.481
0.9273,1.596698e+21,237.2292,0.3062,0.4812
0.928,1.7765e+21,264.1407,0.3064,0.4814
0.9287,2.233225e+21,332.298,0.3066,0.4815
0.9294,1.631373e+21,242.9261,0.3068,0.4817
0.9301,1.952672e+21,290.9884,0.307,0.4819
0.9308,1.398935e+21,208.6267,0.3072,0.4821
0.9315,1.386308e+21,206.899,0.3074,0.4823
0.9322,2.189695e+21,327.0457,0.3076,0.4824
0.9329,1.692585e+21,252.9893,0.3078,0.4826
0.9336,2.229945e+21,333.5591,0.308,0.4828
0.9343,2.526152e+21,378.151,0.3082,0.4829
0.935,2.655437e+21,397.804,0.3083,0.483
0.9357,3.043577e+21,456.2942,0.3084,0.483
0.9364,2.473625e+21,371.1269,0.3086,0.4831
0.9371,2.188774e+21,328.638,0.3087,0.4832
0.9379,2.834672e+21,425.9396,0.3089,0.4833
0.9386,2.795392e+21,420.3552,0.309,0.4834
0.9393,2.416067e+21,363.5897,0.3092,0.4835
0.94,2.502169e+21,376.8326,0.3093,0.4836
0.9407,3.098223e+21,466.9537,0.3095,0.4836
0.9414,2.895381e+21,436.7134,0.3096,0.4837
0.9421,3.000022e+21,452.8404,0.3097,0.4837
0.9428,2.638833e+21,398.6233,0.3098,0.4838
0.9436,2.656031e+21,401.5266,0.31,0.4839
0.9443,2.881486e+21,435.9417,0.3101,0.4839
0.945,3.056928e+21,462.8369,0.3102,0.484
0.9457,3.052596e+21,462.5336,0.3104,0.484
0.9464,2.748777e+21,416.8164,0.3105,0.4841
0.9472,3.498278e+21,530.8738,0.3106,0.4841
0.9479,3.152534e+21,478.7719,0.3107,0.4841
0.9486,2.773449e+21,421.5229,0.3108,0.4842
0.9493,3.477899e+21,528.9935,0.3109,0.4842
0.9501,3.463509e+21,527.2085,0.311,0.4842
0.9508,2.706499e+21,412.2938,0.3111,0.4842
0.9515,3.109782e+21,474.0915,0.3112,0.4842
0.9523,3.511281e+21,535.7118,0.3113,0.4842
0.953,3.239167e+21,494.5756,0.3114,0.4842
0.9537,3.149993e+21,481.3298,0.3115,0.4843
0.9545,3.635783e+21,555.988,0.3116,0.4842
0.9552,3.479196e+21,532.4524,0.3116,0.4842
0.9559,3.289289e+21,503.7774,0.3117,0.4842
0.9567,3.443164e+21,527.7512,0.3118,0.4842
0.9574,3.572495e+21,547.9973,0.3119,0.4842
0.9581,3.556043e+21,545.8953,0.312,0.4841
0.9589,3.621182e+21,556.3248,0.312,0.4841
0.9596,3.469263e+21,533.3979,0.3121,0.4841
0.9604,3.65062e+21,561.7163,0.3122,0.4841
0.9611,3.598476e+21,554.1221,0.3122,0.484
0.9619,3.559765e+21,548.5863,0.3123,0.484
0.9626,3.642842e+21,561.8249,0.3124,0.4839
0.9634,3.653752e+21,563.9454,0.3124,0.4839
0.9641,3.688504e+21,569.7521,0.3125,0.4838
0.9649,3.652769e+21,564.6712,0.3125,0.4838
0.9656,3.616657e+21,559.5242,0.3126,0.4838
0.9664,3.492879e+21,540.796,0.3127,0.4837
0.9671,3.191452e+21,494.512,0.3127,0.4837
0.9679,3.527951e+21,547.0789,0.3128,0.4837
0.9686,3.593691e+21,557.7086,0.3129,0.4836
0.9694,3.606682e+21,560.1624,0.3129,0.4836
0.9701,3.624248e+21,563.331,0.313,0.4836
0.9709,3.551317e+21,552.4274,0.3131,0.4835
0.9717,3.517e+21,547.5178,0.3131,0.4835
0.9724,3.470025e+21,540.6287,0.3132,0.4834
0.9732,3.409897e+21,531.6776,0.3133,0.4834
0.974,3.402795e+21,530.9871,0.3133,0.4834
0.9747,3.416007e+21,533.4678,0.3134,0.4833
0.9755,3.403455e+21,531.9258,0.3135,0.4833
0.9763,3.22235e+21,504.0175,0.3136,0.4833
0.977,2.045475e+21,320.191,0.3137,0.4834
0.9778,3.067008e+21,480.4765,0.3138,0.4834
0.9786,3.20601e+21,502.6491,0.3139,0.4834
0.9793,3.174121e+21,498.0424,0.314,0.4834
0.9801,3.252331e+21,510.7176,0.3141,0.4834
0.9809,3.046027e+21,478.6999,0.3142,0.4834
0.9817,3.273659e+21,514.8808,0.3143,0.4834
0.9824,3.229002e+21,508.2596,0.3144,0.4834
0.9832,3.349886e+21,527.7054,0.3144,0.4834
0.984,3.501441e+21,552.0175,0.3145,0.4834
0.9848,3.461915e+21,546.2196,0.3146,0.4833
0.9856,3.596831e+21,567.9577,0.3146,0.4833
0.9863,3.510521e+21,554.77,0.3147,0.4832
0.9871,3.541651e+21,560.1349,0.3147,0.4831
0.9879,3.617228e+21,572.5439,0.3148,0.4831
0.9887,3.551981e+21,562.6648,0.3148,0.483
0.9895,3.576239e+21,566.9596,0.3149,0.483
0.9903,3.593501e+21,570.1512,0.3149,0.4829
0.9911,3.597696e+21,571.273,0.315,0.4828
0.9919,3.624523e+21,575.9934,0.315,0.4828
0.9927,3.63648e+21,578.3561,0.3151,0.4827
0.9935,3.619387e+21,576.0988,0.3151,0.4826
0.9943,3.601717e+21,573.7462,0.3151,0.4825
0.9951,3.60869e+21,575.3182,0.3152,0.4825
0.9959,3.577285e+21,570.7696,0.3152,0.4824
0.9967,3.558745e+21,568.2679,0.3153,0.4823
0.9975,3.567793e+21,570.1709,0.3153,0.4823
0.9983,3.597539e+21,575.3876,0.3154,0.4822
0.9991,3.584976e+21,573.8404,0.3154,0.4821
0.9999,3.567027e+21,571.4277,0.3154,0.4821
1.0007,3.573463e+21,572.9209,0.3155,0.482
1.0015,3.605264e+21,578.4863,0.3155,0.4819
1.0023,3.561336e+21,571.8996,0.3156,0.4818
1.0031,3.59633e+21,577.9864,0.3156,0.4818
1.0039,3.556709e+21,572.0816,0.3156,0.4817
1.0047,3.58714e+21,577.4438,0.3157,0.4816
1.0055,3.455203e+21,556.6562,0.3157,0.4815
1.0064,3.540647e+21,570.8849,0.3158,0.4815
1.0072,3.575205e+21,576.9251,0.3158,0.4814
1.008,3.475831e+21,561.3454,0.3159,0.4813
1.0088,3.521478e+21,569.18,0.3159,0.4812
1.0096,3.508152e+21,567.4879,0.3159,0.4812
1.0105,3.248021e+21,525.8367,0.316,0.4811
1.0113,3.503085e+21,567.5927,0.316,0.481
1.0121,3.451006e+21,559.6109,0.3161,0.481
1.0129,3.336238e+21,541.4423,0.3161,0.4809
1.0138,3.298209e+21,535.7082,0.3162,0.4809
1.0146,3.344435e+21,543.6609,0.3162,0.4808
1.0154,3.439114e+21,559.5095,0.3163,0.4807
1.0163,3.377144e+21,549.8779,0.3163,0.4807
1.0171,3.284855e+21,535.2899,0.3164,0.4806
1.0179,3.370026e+21,549.6201,0.3164,0.4805
1.0188,3.332019e+21,543.868,0.3165,0.4805
1.0196,3.404995e+21,556.2365,0.3165,0.4804
1.0204,3.115493e+21,509.3626,0.3166,0.4804
1.0213,3.153356e+21,515.9777,0.3167,0.4803
1.0221,3.402755e+21,557.2453,0.3167,0.4803
1.023,3.071436e+21,503.4027,0.3168,0.4802
1.0238,3.045308e+21,499.5324,0.3169,0.4802
1.0247,3.261043e+21,535.3622,0.3169,0.4802
1.0255,2.972556e+21,488.4053,0.317,0.4801
1.0264,3.102466e+21,510.172,0.3171,0.4801
1.0272,3.069064e+21,505.0976,0.3171,0.4801
1.0281,3.424662e+21,564.0882,0.3172,0.48
1.0289,3.103989e+21,511.6934,0.3172,0.4799
1.0298,2.568672e+21,423.7979,0.3173,0.4799
1.0306,3.068554e+21,506.6929,0.3174,0.4799
1.0315,3.082627e+21,509.44,0.3175,0.4799
1.0323,3.074306e+21,508.488,0.3176,0.4799
1.0332,3.145004e+21,520.6148,0.3176,0.4798
1.0341,2.55374e+21,423.0913,0.3177,0.4798
1.0349,3.029265e+21,502.2929,0.3178,0.4798
1.0358,3.322726e+21,551.413,0.3179,0.4798
1.0367,2.995989e+21,497.606,0.3179,0.4797
1.0375,3.096917e+21,514.7996,0.318,0.4797
1.0384,3.240786e+21,539.1662,0.318,0.4796
1.0393,3.132272e+21,521.5496,0.3181,0.4796
1.0401,3.255199e+21,542.4726,0.3181,0.4795
1.041,3.063453e+21,510.9472,0.3182,0.4794
1.0419,3.163781e+21,528.1243,0.3182,0.4794
1.0428,2.837085e+21,473.9877,0.3183,0.4794
1.0436,2.280884e+21,381.3847,0.3184,0.4794
1.0445,3.094824e+21,517.919,0.3185,0.4794
1.0454,3.231961e+21,541.325,0.3186,0.4793
1.0463,2.752605e+21,461.4261,0.3186,0.4793
1.0472,2.829479e+21,474.7132,0.3187,0.4793
1.048,2.949029e+21,495.1889,0.3188,0.4793
1.0489,2.166976e+21,364.1776,0.3189,0.4793
1.0498,3.044051e+21,512.0101,0.319,0.4793
1.0507,2.939926e+21,494.9154,0.3191,0.4793
1.0516,3.218723e+21,542.3085,0.3191,0.4792
1.0525,2.389437e+21,402.9274,0.3192,0.4792
1.0534,3.127163e+21,527.7772,0.3193,0.4792
1.0543,3.148519e+21,531.8333,0.3194,0.4791
1.0552,2.979843e+21,503.7697,0.3194,0.4791
1.0561,2.213544e+21,374.5387,0.3195,0.4791
1.057,2.990996e+21,506.5175,0.3196,0.4791
1.0579,2.97296e+21,503.8927,0.3197,0.479
1.0588,2.922848e+21,495.8222,0.3197,0.479
1.0597,2.983128e+21,506.4804,0.3198,0.4789
1.0606,2.744377e+21,466.3434,0.3199,0.4789
1.0615,2.714308e+21,461.6287,0.32,0.4789
1.0624,2.645521e+21,450.3156,0.32,0.4789
1.0633,2.413318e+21,411.1427,0.3202,0.4789
1.0642,2.494811e+21,425.3911,0.3203,0.4789
1.0652,2.573431e+21,439.1735,0.3204,0.479
1.0661,2.992752e+21,511.1727,0.3204,0.4789
1.067,2.229813e+21,381.1877,0.3205,0.4789
1.0679,2.208239e+21,377.8248,0.3207,0.479
1.0688,1.815622e+21,310.9167,0.3208,0.4791
1.0698,2.129841e+21,365.0399,0.321,0.4792
1.0707,1.965321e+21,337.1333,0.3212,0.4793
1.0716,1.978283e+21,339.65,0.3213,0.4794
1.0725,1.761905e+21,302.7619,0.3215,0.4795
1.0735,1.959158e+21,336.9489,0.3217,0.4796
1.0744,8.890547e+20,153.038,0.3219,0.4798
1.0753,1.481975e+21,255.322,0.3222,0.48
1.0763,1.537094e+21,265.0479,0.3224,0.4802
1.0772,1.259314e+21,217.3378,0.3226,0.4804
1.0781,7.511507e+20,129.7495,0.3229,0.4807
1.0791,1.34601e+21,232.7045,0.3231,0.4809
1.08,1.66556e+21,288.2007,0.3234,0.4811
1.0809,3.62571e+20,62.79227,0.3236,0.4813
1.0819,9.633352e+20,166.9819,0.3239,0.4816
1.0828,8.901136e+20,154.4246,0.3242,0.4819
1.0838,6.885124e+20,119.5535,0.3245,0.4822
1.0847,1.890661e+21,328.5823,0.3248,0.4824
1.0857,1.359354e+21,236.452,0.325,0.4826
1.0866,1.166281e+21,203.0459,0.3252,0.4828
1.0876,1.539908e+21,268.3283,0.3254,0.483
1.0885,1.790905e+21,312.3385,0.3256,0.4831
1.0895,1.216466e+21,212.3412,0.3259,0.4833
1.0905,1.717927e+21,300.138,0.3261,0.4835
1.0914,7.664311e+20,134.0205,0.3263,0.4837
1.0924,9.179318e+19,16.06539,0.3267,0.4841
1.0933,2.471433e+20,43.29246,0.327,0.4845
1.0943,9.053518e+20,158.7318,0.3274,0.4848
1.0953,1.378848e+21,241.9617,0.3276,0.485
1.0962,1.736398e+21,304.9744,0.3278,0.4852
1.0972,4.134635e+20,72.68342,0.3281,0.4854
1.0982,6.188365e+20,108.8826,0.3284,0.4858
1.0992,5.782308e+20,101.8283,0.3288,0.4861
1.1001,9.139439e+20,161.0914,0.3291,0.4864
1.1011,2.990401e+20,52.75549,0.3294,0.4867
1.1021,8.341053e+20,147.2804,0.3297,0.4871
1.1031,6.267374e+20,110.7633,0.33,0.4874
1.104,7.37026e+20,130.3706,0.3304,0.4877
1.105,4.684717e+20,82.94059,0.3307,0.488
1.106,1.063065e+21,188.3783,0.331,0.4883
1.107,8.093997e+20,143.5561,0.3313,0.4886
1.108,6.438412e+20,114.2945,0.3316,0.4889
1.109,1.234246e+21,219.2989,0.3319,0.4892
1.11,4.505344e+20,80.12192,0.3322,0.4895
1.111,1.136378e+21,202.2718,0.3325,0.4898
1.112,1.406358e+21,250.5518,0.3327,0.49
1.113,1.683127e+21,300.1292,0.333,0.4901
1.114,1.503097e+21,268.2677,0.3332,0.4903
1.115,2.308982e+21,412.47,0.3333,0.4904
1.116,1.846015e+21,330.0637,0.3335,0.4905
1.117,2.659822e+21,475.9991,0.3336,0.4905
1.118,2.28597e+21,409.4638,0.3337,0.4905
1.119,2.295642e+21,411.5675,0.3338,0.4905
1.12,2.660622e+21,477.4326,0.3339,0.4905
1.121,2.18584e+21,392.5905,0.334,0.4905
1.122,2.774419e+21,498.7539,0.3341,0.4905
1.123,2.554967e+21,459.7194,0.3342,0.4905
1.1241,2.541056e+21,457.6309,0.3342,0.4904
1.1251,2.547518e+21,459.2111,0.3343,0.4904
1.1261,2.693026e+21,485.8809,0.3344,0.4904
1.1271,2.625221e+21,474.078,0.3345,0.4903
1.1282,2.736368e+21,494.5992,0.3345,0.4903
1.1292,2.703052e+21,489.0223,0.3346,0.4902
1.1302,3.100955e+21,561.5202,0.3346,0.4901
1.1312,2.690019e+21,487.5525,0.3347,0.49
1.1323,2.775633e+21,503.5291,0.3347,0.49
1.1333,2.868939e+21,520.9315,0.3347,0.4899
1.1343,2.706958e+21,491.9692,0.3348,0.4898
1.1354,3.073127e+21,559.0292,0.3348,0.4897
1.1364,3.102181e+21,564.8316,0.3348,0.4896
1.1375,2.922136e+21,532.538,0.3348,0.4895
1.1385,3.037119e+21,554.001,0.3349,0.4893
1.1396,3.101866e+21,566.3315,0.3349,0.4892
1.1406,2.956691e+21,540.3223,0.3349,0.4891
1.1417,2.881607e+21,527.0861,0.3349,0.489
1.1427,3.076952e+21,563.3361,0.3349,0.4888
1.1438,2.992012e+21,548.2905,0.3349,0.4887
1.1448,3.08493e+21,565.8398,0.3349,0.4886
1.1459,3.031441e+21,556.5426,0.3349,0.4884
1.1469,2.979088e+21,547.437,0.3349,0.4883
1.148,3.054659e+21,561.8438,0.3349,0.4882
1.1491,3.084538e+21,567.8653,0.3349,0.488
1.1501,3.068188e+21,565.3792,0.3349,0.4879
1.1512,3.065389e+21,565.3879,0.3349,0.4877
1.1523,3.109312e+21,574.0221,0.3349,0.4876
1.1533,2.988722e+21,552.2729,0.3349,0.4874
1.1544,3.126562e+21,578.2816,0.3348,0.4873
1.1555,3.0278e+21,560.5367,0.3348,0.4871
1.1566,3.078015e+21,570.3646,0.3348,0.4869
1.1576,3.075644e+21,570.4575,0.3348,0.4868
1.1587,3.007747e+21,558.3855,0.3348,0.4866
1.1598,2.907907e+21,540.3553,0.3348,0.4865
1.1609,3.063869e+21,569.8696,0.3348,0.4863
1.162,3.059611e+21,569.611,0.3348,0.4862
1.1631,3.035327e+21,565.6201,0.3348,0.486
1.1642,3.085648e+21,575.5372,0.3347,0.4858
1.1653,3.090805e+21,577.0409,0.3347,0.4857
1.1664,3.035425e+21,567.2348,0.3347,0.4855
1.1675,3.076813e+21,575.5104,0.3347,0.4853
1.1686,3.012602e+21,564.031,0.3346,0.4852
1.1697,3.074889e+21,576.2357,0.3346,0.485
1.1708,2.983735e+21,559.6814,0.3346,0.4848
1.1719,3.068721e+21,576.1669,0.3346,0.4846
1.173,3.091866e+21,581.0617,0.3346,0.4845
1.1741,3.090701e+21,581.3928,0.3345,0.4843
1.1752,3.09175e+21,582.1415,0.3345,0.4841
1.1763,3.073411e+21,579.2375,0.3344,0.4839
1.1774,3.077614e+21,580.5803,0.3344,0.4837
1.1786,3.078261e+21,581.2544,0.3344,0.4835
1.1797,3.088487e+21,583.7403,0.3343,0.4833
1.1808,3.076954e+21,582.1143,0.3343,0.4831
1.1819,3.088465e+21,584.849,0.3343,0.4829
1.1831,3.097307e+21,587.083,0.3342,0.4827
1.1842,3.06142e+21,580.8351,0.3342,0.4825
1.1853,3.007118e+21,571.0779,0.3341,0.4823
1.1865,3.079031e+21,585.2944,0.3341,0.4821
1.1876,3.087803e+21,587.5241,0.334,0.4819
1.1887,3.064749e+21,583.6967,0.334,0.4817
1.1899,3.08695e+21,588.4892,0.3339,0.4815
1.191,3.076972e+21,587.1504,0.3339,0.4813
1.1922,3.067839e+21,585.9705,0.3338,0.4811
1.1933,3.08022e+21,588.9016,0.3338,0.4809
1.1945,3.050264e+21,583.7364,0.3337,0.4807
1.1956,3.056173e+21,585.431,0.3337,0.4805
1.1968,3.079169e+21,590.4055,0.3336,0.4803
1.1979,3.071702e+21,589.5427,0.3336,0.48
1.1991,3.052977e+21,586.5156,0.3335,0.4798
1.2002,3.026135e+21,581.9218,0.3335,0.4796
1.2014,3.069747e+21,590.8803,0.3334,0.4794
1.2026,3.058563e+21,589.2985,0.3334,0.4792
1.2037,3.063825e+21,590.8855,0.3333,0.479
1.2049,3.03602e+21,586.0921,0.3332,0.4787
1.2061,3.060568e+21,591.4058,0.3332,0.4785
1.2072,3.048127e+21,589.5752,0.3331,0.4783
1.2084,3.053747e+21,591.2379,0.333,0.4781
1.2096,3.049942e+21,591.0774,0.333,0.4778
1.2108,3.010725e+21,584.0468,0.3329,0.4776
1.212,3.021474e+21,586.705,0.3329,0.4774
1.2132,2.989304e+21,581.0263,0.3328,0.4771
1.2143,3.032612e+21,590.0213,0.3327,0.4769
1.2155,3.011688e+21,586.5249,0.3327,0.4767
1.2167,2.959104e+21,576.8497,0.3326,0.4765
1.2179,3.059373e+21,596.9821,0.3325,0.4762
1.2191,3.004027e+21,586.7587,0.3324,0.476
1.2203,3.0289e+21,592.1993,0.3324,0.4757
1.2215,3.006719e+21,588.4416,0.3323,0.4755
1.2227,3.050798e+21,597.6572,0.3322,0.4753
1.2239,3.028824e+21,593.938,0.3321,0.475
1.2251,3.024744e+21,593.7242,0.3321,0.4748
1.2264,3.032611e+21,595.8572,0.332,0.4745
1.2276,3.008394e+21,591.6842,0.3319,0.4743
1.2288,3.001886e+21,590.9894,0.3318,0.474
1.23,3.02262e+21,595.6616,0.3317,0.4737
1.2312,3.016452e+21,595.0365,0.3316,0.4735
1.2324,2.945426e+21,581.6032,0.3316,0.4732
1.2337,2.809792e+21,555.3729,0.3315,0.473
1.2349,2.972438e+21,588.1061,0.3314,0.4728
1.2361,3.008877e+21,595.9092,0.3314,0.4725
1.2374,2.973867e+21,589.5633,0.3313,0.4723
1.2386,3.031639e+21,601.6168,0.3312,0.472
1.2398,2.985613e+21,593.0757,0.3311,0.4717
1.2411,2.989822e+21,594.5062,0.331,0.4715
1.2423,2.982063e+21,593.5576,0.3309,0.4712
1.2436,2.976488e+21,593.0422,0.3308,0.4709
1.2448,3.004168e+21,599.1581,0.3307,0.4707
1.2461,3.006807e+21,600.2873,0.3306,0.4704
1.2473,3.007082e+21,600.946,0.3305,0.4701
1.2486,2.931145e+21,586.3605,0.3304,0.4698
1.2498,2.976759e+21,596.0856,0.3303,0.4696
1.2511,2.977882e+21,596.9122,0.3302,0.4693
1.2524,2.884921e+21,578.8625,0.3301,0.469
1.2536,2.942135e+21,590.9394,0.33,0.4688
1.2549,2.876675e+21,578.3762,0.3299,0.4685
1.2562,2.886141e+21,580.8674,0.3298,0.4682
1.2574,2.922332e+21,588.7477,0.3297,0.468
1.2587,2.670309e+21,538.5201,0.3296,0.4677
1.26,2.852321e+21,575.811,0.3296,0.4675
1.2613,2.578793e+21,521.1223,0.3295,0.4672
1.2626,2.661403e+21,538.3637,0.3295,0.467
1.2639,2.734545e+21,553.7232,0.3294,0.4668
1.2651,2.310793e+21,468.3942,0.3294,0.4666
1.2664,2.431241e+21,493.3123,0.3294,0.4665
1.2677,2.336213e+21,474.5152,0.3293,0.4663
1.269,2.418226e+21,491.676,0.3293,0.4662
1.2703,2.158909e+21,439.401,0.3293,0.4661
1.2716,2.219869e+21,452.2716,0.3294,0.466
1.2729,2.158345e+21,440.1883,0.3294,0.4658
1.2742,2.268361e+21,463.1012,0.3294,0.4657
1.2756,2.564032e+21,524.003,0.3294,0.4656
1.2769,2.653963e+21,542.9404,0.3293,0.4653
1.2782,2.351686e+21,481.5974,0.3293,0.4652
1.2795,2.535081e+21,519.6904,0.3292,0.465
1.2808,2.401582e+21,492.8317,0.3292,0.4648
1.2822,1.844532e+21,378.9102,0.3292,0.4647
1.2835,1.840097e+21,378.3904,0.3293,0.4647
1.2848,1.838e+21,378.3509,0.3294,0.4646
1.2861,1.668101e+21,343.7335,0.3295,0.4646
1.2875,1.831273e+21,377.7492,0.3296,0.4646
1.2888,1.596795e+21,329.7241,0.3297,0.4647
1.2902,1.661945e+21,343.5341,0.3298,0.4647
1.2915,1.511131e+21,312.6853,0.33,0.4647
1.2928,1.338784e+21,277.3118,0.3301,0.4648
1.2942,1.645751e+21,341.2519,0.3303,0.4649
1.2956,9.632369e+20,199.9391,0.3305,0.465
1.2969,1.164348e+21,241.9365,0.3307,0.4652
1.2983,1.20653e+21,250.9639,0.3309,0.4653
1.2996,1.495136e+21,311.3214,0.3311,0.4654
1.301,1.207575e+21,251.7086,0.3313,0.4656
1.3024,9.420522e+20,196.5688,0.3315,0.4657
1.3037,1.689455e+21,352.8927,0.3317,0.4658
1.3051,5.126403e+20,107.1928,0.3319,0.466
1.3065,1.714145e+21,358.8046,0.3321,0.4662
1.3078,9.486306e+20,198.7767,0.3323,0.4663
1.3092,1.279739e+21,268.4405,0.3325,0.4665
1.3106,6.689532e+20,140.4692,0.3328,0.4667
1.312,1.261677e+21,265.2119,0.333,0.4669
1.3134,9.761581e+20,205.4115,0.3333,0.4671
1.3148,9.476934e+20,199.6332,0.3335,0.4673
1.3162,1.37565e+21,290.0906,0.3337,0.4674
1.3176,1.258376e+21,265.6425,0.3339,0.4675
1.319,1.591138e+21,336.2456,0.3341,0.4676
1.3204,1.340866e+21,283.6588,0.3342,0.4677
1.3218,6.7213e+20,142.34,0.3345,0.4679
1.3232,5.457262e+20,115.6943,0.3348,0.4682
1.3246,5.374549e+20,114.0625,0.3352,0.4685
1.326,8.325087e+20,176.8698,0.3355,0.4688
1.3275,4.757258e+20,101.1781,0.3358,0.4691
1.3289,8.191646e+20,174.4079,0.3361,0.4694
1.3303,9.889386e+20,210.7803,0.3364,0.4697
1.3317,1.340764e+21,286.0746,0.3366,0.4698
1.3332,1.411206e+21,301.4282,0.3368,0.4699
1.3346,1.794604e+21,383.7333,0.3369,0.4699
1.336,1.913452e+21,409.5869,0.3369,0.4698
1.3375,2.546847e+21,545.7574,0.3369,0.4697
1.3389,2.267446e+21,486.41,0.3368,0.4694
1.3404,2.285141e+21,490.736,0.3368,0.4692
1.3418,2.31105e+21,496.8371,0.3367,0.469
1.3433,2.378712e+21,511.9373,0.3367,0.4688
1.3447,2.228483e+21,480.1257,0.3366,0.4686
1.3462,2.475731e+21,533.9743,0.3365,0.4683
1.3477,2.352747e+21,508.0004,0.3365,0.4681
1.3491,2.328161e+21,503.2387,0.3364,0.4679
1.3506,1.861776e+21,402.8667,0.3364,0.4677
1.3521,2.286068e+21,495.218,0.3364,0.4676
1.3535,1.798924e+21,390.1161,0.3364,0.4674
1.355,2.109991e+21,458.0746,0.3364,0.4673
1.3565,1.942271e+21,422.1242,0.3364,0.4672
1.358,1.94162e+21,422.4448,0.3364,0.467
1.3595,2.12186e+21,462.1666,0.3364,0.4669
1.361,2.050882e+21,447.1971,0.3364,0.4667
1.3625,1.911314e+21,417.222,0.3364,0.4666
1.364,2.147893e+21,469.3809,0.3364,0.4664
1.3655,1.982328e+21,433.6769,0.3363,0.4663
1.367,1.934493e+21,423.6785,0.3363,0.4661
1.3685,2.3419e+21,513.472,0.3363,0.4659
1.37,2.459081e+21,539.7601,0.3362,0.4657
1.3715,2.533367e+21,556.6808,0.3361,0.4654
1.373,2.05954e+21,453.0636,0.336,0.4651
1.3745,1.990191e+21,438.2932,0.336,0.4649
1.3761,1.779908e+21,392.4184,0.336,0.4648
1.3776,2.19806e+21,485.1474,0.336,0.4647
1.3791,1.618747e+21,357.6811,0.336,0.4645
1.3807,2.110521e+21,466.8635,0.336,0.4644
1.3822,1.950684e+21,431.9874,0.336,0.4642
1.3838,2.227092e+21,493.7495,0.3359,0.464
1.3853,2.368215e+21,525.6235,0.3358,0.4638
1.3868,2.469746e+21,548.7713,0.3357,0.4635
1.3884,2.524992e+21,561.6752,0.3355,0.4631
1.39,2.618936e+21,583.2256,0.3354,0.4628
1.3915,2.659048e+21,592.8231,0.3352,0.4624
1.3931,2.644638e+21,590.2729,0.335,0.4619
1.3946,2.66603e+21,595.7168,0.3348,0.4615
1.3962,2.622158e+21,586.5736,0.3346,0.4611
1.3978,2.58027e+21,577.8541,0.3344,0.4607
1.3994,2.562799e+21,574.5891,0.3342,0.4603
1.401,2.657448e+21,596.483,0.334,0.4599
1.4025,2.617091e+21,588.0892,0.3338,0.4595
1.4041,2.597653e+21,584.3823,0.3336,0.4591
1.4057,2.597697e+21,585.0547,0.3334,0.4587
1.4073,2.522681e+21,568.8046,0.3332,0.4583
1.4089,2.599766e+21,586.8515,0.333,0.4579
1.4105,2.582613e+21,583.6428,0.3328,0.4575
1.4121,2.617257e+21,592.1456,0.3326,0.4571
1.4137,2.618677e+21,593.1424,0.3323,0.4566
1.4153,2.600504e+21,589.6985,0.3321,0.4562
1.417,2.521158e+21,572.3592,0.3319,0.4558
1.4186,2.549255e+21,579.4,0.3317,0.4554
1.4202,2.585873e+21,588.3957,0.3315,0.4549
1.4218,2.602976e+21,592.9667,0.3312,0.4545
1.4235,2.55918e+21,583.6591,0.331,0.454
1.4251,2.586952e+21,590.671,0.3308,0.4536
1.4267,2.530107e+21,578.3566,0.3306,0.4532
1.4284,2.54698e+21,582.8843,0.3303,0.4527
1.43,2.422444e+21,555.0234,0.3301,0.4523
1.4317,2.238817e+21,513.5435,0.33,0.452
1.4333,2.531279e+21,581.3002,0.3298,0.4516
1.435,2.564201e+21,589.5422,0.3296,0.4511
1.4367,2.610999e+21,600.9972,0.3293,0.4507
1.4383,2.586303e+21,596.0034,0.329,0.4502
1.44,2.557357e+21,590.0174,0.3288,0.4497
1.4417,2.551995e+21,589.4649,0.3286,0.4493
1.4434,2.552239e+21,590.2076,0.3283,0.4488
1.445,2.543977e+21,588.9826,0.3281,0.4483
1.4467,2.534326e+21,587.4328,0.3278,0.4478
1.4484,2.478376e+21,575.1353,0.3276,0.4474
1.4501,2.317001e+21,538.3153,0.3273,0.447
1.4518,2.152393e+21,500.657,0.3272,0.4466
1.4535,2.431468e+21,566.2342,0.327,0.4462
1.4552,2.434001e+21,567.4894,0.3268,0.4458
1.4569,2.439604e+21,569.464,0.3265,0.4453
1.4586,2.228514e+21,520.8025,0.3263,0.4449
1.4604,2.44985e+21,573.203,0.3261,0.4445
1.4621,2.456579e+21,575.4552,0.3259,0.444
1.4638,2.446739e+21,573.8269,0.3256,0.4436
1.4655,2.504463e+21,588.0588,0.3253,0.4431
1.4673,2.490203e+21,585.4025,0.3251,0.4426
1.469,2.407675e+21,566.6724,0.3248,0.4421
1.4707,2.445319e+21,576.215,0.3246,0.4417
1.4725,2.416583e+21,570.1199,0.3243,0.4412
1.4742,2.439549e+21,576.2224,0.324,0.4407
1.476,2.444334e+21,578.0399,0.3238,0.4402
1.4778,2.401083e+21,568.4888,0.3235,0.4397
1.4795,2.387036e+21,565.8374,0.3232,0.4392
1.4813,2.402762e+21,570.2456,0.323,0.4388
1.4831,2.306716e+21,548.1059,0.3227,0.4383
1.4848,2.371396e+21,564.1495,0.3225,0.4378
1.4866,2.200179e+21,524.0449,0.3223,0.4374
1.4884,2.244797e+21,535.3142,0.322,0.437
1.4902,2.091178e+21,499.28,0.3218,0.4366
1.492,2.152755e+21,514.6005,0.3216,0.4362
1.4938,2.126629e+21,508.9676,0.3214,0.4358
1.4956,2.149694e+21,515.1085,0.3212,0.4354
1.4974,1.958663e+21,469.9006,0.3211,0.435
1.4992,2.261286e+21,543.1586,0.3209,0.4346
1.501,2.13676e+21,513.8689,0.3206,0.4342
1.5028,2.210037e+21,532.1355,0.3204,0.4338
1.5047,2.124116e+21,512.068,0.3202,0.4334
1.5065,1.522596e+21,367.5034,0.3201,0.4331
1.5083,2.145919e+21,518.5828,0.32,0.4328
1.5102,2.241612e+21,542.3678,0.3197,0.4323
1.512,1.929503e+21,467.421,0.3195,0.4319
1.5138,2.019057e+21,489.7126,0.3194,0.4316
1.5157,1.828102e+21,443.9395,0.3192,0.4313
1.5176,1.88615e+21,458.5966,0.3191,0.4309
1.5194,1.835838e+21,446.9109,0.3189,0.4306
1.5213,1.967726e+21,479.6049,0.3188,0.4303
1.5231,1.978734e+21,482.8804,0.3186,0.4299
1.525,2.200634e+21,537.6923,0.3184,0.4295
1.5269,2.232087e+21,546.0491,0.3181,0.429
1.5288,2.281244e+21,558.7629,0.3178,0.4285
1.5307,2.278426e+21,558.7616,0.3175,0.428
1.5326,2.267633e+21,556.8022,0.3172,0.4274
1.5345,2.317708e+21,569.8019,0.3169,0.4269
1.5364,2.317222e+21,570.3884,0.3166,0.4263
1.5383,2.333067e+21,575.0013,0.3162,0.4258
1.5402,2.233528e+21,551.1529,0.3159,0.4252
1.5421,2.275226e+21,562.1409,0.3156,0.4247
1.544,2.240468e+21,554.2425,0.3153,0.4242
1.5459,2.273789e+21,563.1866,0.315,0.4236
1.5479,2.262581e+21,561.1103,0.3147,0.423
1.5498,2.229587e+21,553.6191,0.3143,0.4225
1.5517,2.258516e+21,561.5042,0.314,0.4219
1.5537,2.294614e+21,571.1937,0.3137,0.4214
1.5556,2.243243e+21,559.1065,0.3133,0.4208
1.5576,2.199791e+21,548.9655,0.313,0.4202
1.5595,2.230274e+21,557.2725,0.3127,0.4197
1.5615,2.229998e+21,557.9054,0.3124,0.4191
1.5635,2.201943e+21,551.5811,0.312,0.4186
1.5655,2.209356e+21,554.1371,0.3117,0.418
1.5674,2.222098e+21,558.0374,0.3114,0.4174
1.5694,2.184053e+21,549.1774,0.311,0.4169
1.5714,2.244971e+21,565.2108,0.3107,0.4163
1.5734,2.245983e+21,566.1829,0.3103,0.4157
1.5754,2.266141e+21,571.9904,0.31,0.4151
1.5774,2.28551e+21,577.6133,0.3096,0.4144
1.5794,2.27562e+21,575.8463,0.3092,0.4138
1.5814,2.257151e+21,571.9014,0.3088,0.4132
1.5835,2.263728e+21,574.3004,0.3084,0.4125
1.5855,2.264386e+21,575.2019,0.308,0.4119
1.5875,2.245072e+21,571.0259,0.3076,0.4113
1.5895,2.242047e+21,570.9876,0.3073,0.4106
1.5916,2.258195e+21,575.8384,0.3069,0.41
1.5936,2.239567e+21,571.8223,0.3065,0.4094
1.5957,2.233609e+21,571.035,0.3061,0.4087
1.5977,2.238467e+21,573.0145,0.3057,0.4081
1.5998,2.224721e+21,570.2306,0.3053,0.4074
1.6019,2.216121e+21,568.76,0.3049,0.4068
1.6039,2.207542e+21,567.2913,0.3045,0.4061
1.606,2.200293e+21,566.1609,0.3041,0.4054
1.6081,2.174634e+21,560.2842,0.3037,0.4048
1.6102,2.151725e+21,555.1018,0.3033,0.4042
1.6123,2.08242e+21,537.921,0.3029,0.4035
1.6144,2.048557e+21,529.8628,0.3025,0.4029
1.6165,1.784753e+21,462.2312,0.3022,0.4024
1.6186,1.486597e+21,385.5148,0.302,0.4021
1.6207,1.247016e+21,323.8076,0.302,0.4018
1.6228,9.755481e+20,253.6483,0.302,0.4017
1.625,6.844874e+20,178.204,0.3021,0.4018
1.6271,1.235367e+21,322.0457,0.3022,0.4018
1.6292,2.754984e+20,71.91359,0.3024,0.4019
1.6314,4.741818e+20,123.939,0.3027,0.4022
1.6335,2.120648e+21,555.0134,0.3027,0.402
1.6357,2.174169e+21,569.7715,0.3023,0.4014
1.6378,2.152542e+21,564.8489,0.3018,0.4007
1.64,2.145952e+21,563.8646,0.3014,0.4
1.6422,2.163834e+21,569.3162,0.3009,0.3993
1.6444,2.161687e+21,569.5057,0.3005,0.3985
1.6465,2.1264e+21,560.9532,0.3,0.3978
1.6487,2.128991e+21,562.3834,0.2996,0.3971
1.6509,2.112942e+21,558.8872,0.2991,0.3964
1.6531,2.113933e+21,559.8951,0.2987,0.3957
1.6553,2.108219e+21,559.127,0.2982,0.395
1.6575,2.107263e+21,559.6206,0.2978,0.3943
1.6598,2.111685e+21,561.5457,0.2973,0.3936
1.662,2.102036e+21,559.7291,0.2969,0.3929
1.6642,2.098127e+21,559.4381,0.2964,0.3922
1.6665,2.090693e+21,558.2052,0.2959,0.3914
1.6687,2.065953e+21,552.3421,0.2955,0.3907
1.6709,2.015823e+21,539.666,0.295,0.39
1.6732,2.006858e+21,537.9909,0.2946,0.3893
1.6755,2.006477e+21,538.6157,0.2942,0.3886
1.6777,1.950832e+21,524.3871,0.2937,0.388
1.68,2.002329e+21,538.9589,0.2933,0.3873
1.6823,1.956816e+21,527.4231,0.2929,0.3866
1.6846,1.952099e+21,526.8666,0.2924,0.3859
1.6869,1.963338e+21,530.621,0.292,0.3852
1.6892,1.984076e+21,536.9563,0.2915,0.3845
1.6915,1.912815e+21,518.3767,0.2911,0.3838
1.6938,1.836836e+21,498.4664,0.2907,0.3832
1.6961,1.69752e+21,461.29,0.2903,0.3826
1.6984,1.782491e+21,485.0439,0.29,0.382
1.7007,1.646344e+21,448.6106,0.2896,0.3814
1.7031,1.629238e+21,444.5595,0.2893,0.3809
1.7054,1.692739e+21,462.5219,0.289,0.3804
1.7078,1.680015e+21,459.6775,0.2887,0.3798
1.7101,1.606085e+21,440.0552,0.2883,0.3793
1.7125,1.626414e+21,446.2406,0.288,0.3788
1.7149,1.756103e+21,482.4899,0.2877,0.3782
1.7172,1.895988e+21,521.6449,0.2872,0.3775
1.7196,1.652847e+21,455.3802,0.2868,0.3769
1.722,1.493521e+21,412.0552,0.2865,0.3764
1.7244,1.393254e+21,384.9266,0.2863,0.3759
1.7268,1.547387e+21,428.1059,0.286,0.3755
1.7292,1.65692e+21,459.0489,0.2857,0.3749
1.7316,1.895164e+21,525.7876,0.2853,0.3743
1.734,1.868089e+21,519.0009,0.2848,0.3735
1.7365,1.925586e+21,535.7242,0.2843,0.3728
1.7389,1.90117e+21,529.6733,0.2838,0.372
1.7414,1.915605e+21,534.4444,0.2833,0.3712
1.7438,1.919804e+21,536.3692,0.2827,0.3704
1.7463,1.914621e+21,535.6746,0.2822,0.3696
1.7487,1.894966e+21,530.9232,0.2817,0.3688
1.7512,1.880186e+21,527.5264,0.2812,0.3681
1.7537,1.878257e+21,527.7305,0.2806,0.3673
1.7561,1.878014e+21,528.4096,0.2801,0.3665
1.7586,1.880004e+21,529.7199,0.2796,0.3657
1.7611,1.852748e+21,522.7817,0.279,0.3649
1.7636,1.798172e+21,508.1037,0.2785,0.3641
1.7662,1.780255e+21,503.7577,0.278,0.3634
1.7687,1.77056e+21,501.729,0.2775,0.3626
1.7712,1.785833e+21,506.78,0.277,0.3619
1.7737,1.791365e+21,509.0769,0.2765,0.3611
1.7763,1.821521e+21,518.3884,0.276,0.3603
1.7788,1.842712e+21,525.1717,0.2755,0.3595
1.7814,1.736365e+21,495.5739,0.2749,0.3587
1.7839,1.732981e+21,495.3197,0.2744,0.3579
1.7865,1.691582e+21,484.1837,0.2739,0.3572
1.7891,1.703874e+21,488.4059,0.2735,0.3565
1.7917,1.707272e+21,490.0872,0.273,0.3557
1.7943,1.65219e+21,474.9617,0.2725,0.355
1.7969,1.576735e+21,453.9271,0.272,0.3543
1.7995,1.497776e+21,431.8215,0.2716,0.3536
1.8021,1.481744e+21,427.8202,0.2712,0.353
1.8047,1.274707e+21,368.5787,0.2709,0.3525
1.8073,1.761425e+21,510.0545,0.2705,0.3518
1.81,1.79419e+21,520.3007,0.2699,0.351
1.8126,1.785174e+21,518.4431,0.2693,0.3501
1.8153,1.789128e+21,520.3521,0.2687,0.3493
1.8179,1.80073e+21,524.4943,0.2681,0.3484
1.8206,1.784357e+21,520.4886,0.2675,0.3475
1.8233,1.783402e+21,520.975,0.2669,0.3466
1.826,1.772749e+21,518.6258,0.2663,0.3457
1.8287,1.779987e+21,521.5113,0.2657,0.3449
1.8314,1.762674e+21,517.2016,0.2651,0.344
1.8341,1.771055e+21,520.4294,0.2645,0.3431
1.8368,1.742977e+21,512.9376,0.2638,0.3422
1.8395,1.749663e+21,515.6691,0.2632,0.3413
1.8423,1.744362e+21,514.8707,0.2626,0.3404
1.845,1.721566e+21,508.8982,0.262,0.3395
1.8478,1.738057e+21,514.5386,0.2614,0.3386
1.8505,1.733595e+21,513.9837,0.2607,0.3377
1.8533,1.749915e+21,519.598,0.2601,0.3367
1.8561,1.712549e+21,509.2642,0.2594,0.3358
1.8588,1.699086e+21,506.0182,0.2588,0.3349
1.8616,1.70357e+21,508.1153,0.2582,0.334
1.8644,1.697221e+21,506.983,0.2575,0.3331
1.8672,1.660216e+21,496.6759,0.2569,0.3322
1.87,1.638171e+21,490.8202,0.2563,0.3313
1.8729,1.627825e+21,488.457,0.2557,0.3304
1.8757,1.633827e+21,490.9998,0.2551,0.3295
1.8785,1.633311e+21,491.5882,0.2544,0.3286
1.8814,1.615788e+21,487.0523,0.2538,0.3277
1.8843,1.60266e+21,483.8292,0.2532,0.3268
1.8871,1.427019e+21,431.4604,0.2526,0.326
1.89,1.358387e+21,411.3357,0.2522,0.3253
1.8929,1.54022e+21,467.1087,0.2516,0.3245
1.8958,1.607455e+21,488.2449,0.251,0.3236
1.8987,1.617956e+21,492.187,0.2504,0.3227
1.9016,1.561017e+21,475.5944,0.2497,0.3218
1.9045,1.61837e+21,493.8254,0.2491,0.3209
1.9074,1.515809e+21,463.2418,0.2484,0.3199
1.9104,1.500499e+21,459.2696,0.2479,0.3191
1.9133,1.541412e+21,472.52,0.2472,0.3182
1.9163,1.549022e+21,475.587,0.2466,0.3173
1.9193,1.548856e+21,476.2722,0.246,0.3164
1.9222,1.587108e+21,488.7911,0.2453,0.3154
1.9252,1.56835e+21,483.7643,0.2446,0.3145
1.9282,1.567856e+21,484.364,0.2439,0.3135
1.9312,1.544544e+21,477.9053,0.2432,0.3125
1.9342,1.534344e+21,475.4898,0.2426,0.3116
1.9373,1.526322e+21,473.7431,0.2419,0.3106
1.9403,1.551596e+21,482.3414,0.2412,0.3097
1.9433,1.550755e+21,482.8355,0.2405,0.3087
1.9464,1.533295e+21,478.1485,0.2398,0.3077
1.9494,1.475738e+21,460.9233,0.2392,0.3068
1.9525,1.503095e+21,470.2074,0.2385,0.3058
1.9556,1.478001e+21,463.0865,0.2378,0.3049
1.9587,1.494087e+21,468.866,0.2371,0.3039
1.9618,1.397845e+21,439.3581,0.2365,0.303
1.9649,1.444572e+21,454.7643,0.2358,0.3021
1.968,1.413653e+21,445.7372,0.2352,0.3011
1.9711,1.42613e+21,450.3863,0.2345,0.3002
1.9743,1.370768e+21,433.5915,0.2339,0.2993
1.9774,1.442895e+21,457.1342,0.2332,0.2984
1.9806,1.395662e+21,442.8764,0.2325,0.2974
1.9837,1.390372e+21,441.9037,0.2319,0.2965
1.9869,1.392785e+21,443.38,0.2312,0.2956
1.9901,1.390714e+21,443.4314,0.2305,0.2946
1.9933,1.39419e+21,445.2542,0.2299,0.2937
1.9965,1.439303e+21,460.4022,0.2292,0.2927
1.9997,1.426265e+21,456.9673,0.2284,0.2917
2.003,1.418797e+21,455.309,0.2277,0.2907
2.0062,1.405319e+21,451.7136,0.227,0.2897
2.0095,1.34739e+21,433.7952,0.2263,0.2887
2.0127,1.358122e+21,437.9604,0.2256,0.2878
2.016,1.388069e+21,448.3454,0.2249,0.2868
2.0193,1.332343e+21,431.0466,0.2242,0.2858
2.0226,1.367463e+21,443.1306,0.2235,0.2848
2.0259,1.380327e+21,448.0299,0.2228,0.2838
2.0292,1.353196e+21,439.9427,0.222,0.2828
2.0325,1.353475e+21,440.7547,0.2213,0.2818
2.0359,1.352607e+21,441.1953,0.2206,0.2808
2.0392,1.356267e+21,443.1168,0.2199,0.2798
2.0426,1.354035e+21,443.1165,0.2191,0.2788
2.0459,1.339312e+21,439.0215,0.2184,0.2777
2.0493,1.339257e+21,439.7289,0.2176,0.2767
2.0527,1.334953e+21,439.0415,0.2169,0.2757
2.0561,1.305454e+21,430.0519,0.2161,0.2746
2.0595,1.272041e+21,419.7408,0.2154,0.2737
2.063,1.285015e+21,424.7276,0.2147,0.2727
2.0664,1.293872e+21,428.3676,0.2139,0.2716
2.0699,1.274585e+21,422.6868,0.2132,0.2706
2.0733,1.268299e+21,421.3055,0.2125,0.2696
2.0768,1.277584e+21,425.1007,0.2117,0.2686
2.0803,1.267479e+21,422.4459,0.211,0.2676
2.0838,1.223734e+21,408.5513,0.2102,0.2666
2.0873,1.233147e+21,412.387,0.2095,0.2656
2.0908,1.232856e+21,412.9851,0.2088,0.2646
2.0943,1.209192e+21,405.7421,0.208,0.2636
2.0979,1.228889e+21,413.0493,0.2073,0.2626
2.1014,1.143191e+21,384.8961,0.2066,0.2616
2.105,1.069771e+21,360.7879,0.206,0.2607
2.1086,1.232722e+21,416.4516,0.2053,0.2598
2.1122,1.254941e+21,424.6799,0.2045,0.2587
2.1158,1.221739e+21,414.1497,0.2037,0.2576
2.1194,1.245652e+21,422.9779,0.2029,0.2565
2.123,1.249304e+21,424.944,0.2021,0.2554
2.1267,1.245391e+21,424.3398,0.2013,0.2543
2.1303,1.226267e+21,418.5415,0.2004,0.2532
2.134,1.201562e+21,410.8152,0.1996,0.2521
2.1377,1.189902e+21,407.5301,0.1988,0.2511
2.1414,1.164055e+21,399.3663,0.1981,0.25
2.1451,1.141569e+21,392.3294,0.1973,0.249
2.1488,1.171767e+21,403.4057,0.1965,0.2479
2.1525,1.137053e+21,392.1344,0.1957,0.2469
2.1562,1.140636e+21,394.054,0.195,0.2458
2.16,1.160956e+21,401.7729,0.1942,0.2448
2.1638,1.160934e+21,402.4662,0.1934,0.2437
2.1676,1.150003e+21,399.3738,0.1926,0.2426
2.1714,1.083283e+21,376.8621,0.1918,0.2415
2.1752,1.114071e+21,388.2527,0.191,0.2405
2.179,1.107544e+21,386.6565,0.1902,0.2394
2.1828,1.129468e+21,395.0046,0.1894,0.2384
2.1867,1.133875e+21,397.2452,0.1886,0.2373
2.1905,1.05824e+21,371.402,0.1878,0.2362
2.1944,1.113204e+21,391.3838,0.187,0.2351
2.1983,1.100383e+21,387.5622,0.1862,0.234
2.2022,1.116423e+21,393.9098,0.1854,0.2329
2.2061,1.070052e+21,378.2205,0.1845,0.2318
2.2101,1.117972e+21,395.863,0.1837,0.2307
2.214,1.051039e+21,372.8269,0.1829,0.2296
2.218,1.027191e+21,365.0194,0.1821,0.2286
2.2219,1.080028e+21,384.4832,0.1813,0.2275
2.2259,1.051638e+21,375.0488,0.1804,0.2264
2.2299,1.072364e+21,383.1282,0.1796,0.2253
2.2339,1.085191e+21,388.4095,0.1787,0.2241
2.238,1.073468e+21,384.9069,0.1779,0.223
2.242,1.047134e+21,376.1438,0.177,0.2218
2.2461,1.071991e+21,385.7701,0.1761,0.2207
2.2502,1.04478e+21,376.6602,0.1753,0.2195
2.2543,1.04025e+21,375.709,0.1744,0.2184
2.2584,1.042716e+21,377.2855,0.1735,0.2172
2.2625,1.005556e+21,364.5042,0.1727,0.2161
2.2666,1.029368e+21,373.8177,0.1718,0.215
2.2708,1.010581e+21,367.6672,0.171,0.2138
2.2749,1.014503e+21,369.7715,0.1701,0.2127
2.2791,1.032264e+21,376.9369,0.1692,0.2115
2.2833,9.917388e+20,362.8057,0.1683,0.2103
2.2875,1.002755e+21,367.5125,0.1674,0.2092
2.2918,9.162084e+20,336.4137,0.1666,0.2081
2.296,9.478359e+20,348.6711,0.1658,0.207
2.3003,9.760867e+20,359.7297,0.1649,0.2059
2.3045,9.950698e+20,367.4074,0.164,0.2047
2.3088,9.424377e+20,348.6222,0.1632,0.2036
2.3131,1.012837e+21,375.3631,0.1623,0.2024
2.3175,9.658946e+20,358.6349,0.1613,0.2012
2.3218,9.460828e+20,351.9366,0.1604,0.2
2.3262,8.783132e+20,327.3398,0.1596,0.1989
2.3305,9.780425e+20,365.1932,0.1587,0.1978
2.3349,9.904102e+20,370.5077,0.1578,0.1965
2.3393,9.336859e+20,349.9464,0.1568,0.1953
2.3437,9.659776e+20,362.7338,0.1559,0.1941
2.3482,9.178365e+20,345.3091,0.155,0.1929
2.3526,7.973416e+20,300.5456,0.1542,0.1918
2.3571,9.065005e+20,342.341,0.1533,0.1907
2.3616,9.271918e+20,350.822,0.1524,0.1895
2.3661,9.291476e+20,352.233,0.1515,0.1883
2.3706,8.590156e+20,326.2691,0.1506,0.1871
2.3752,9.061323e+20,344.8242,0.1497,0.186
2.3797,8.811818e+20,335.973,0.1488,0.1848
2.3843,8.698375e+20,332.2855,0.1478,0.1836
2.3889,7.9223e+20,303.2219,0.147,0.1825
2.3935,8.128294e+20,311.7068,0.1462,0.1814
2.3981,7.066307e+20,271.5054,0.1454,0.1804
2.4028,8.62135e+20,331.8961,0.1446,0.1794
2.4075,8.493124e+20,327.5947,0.1437,0.1782
2.4121,8.207206e+20,317.1822,0.1428,0.177
2.4168,8.335358e+20,322.7628,0.1419,0.1759
2.4216,8.820772e+20,342.2262,0.1409,0.1746
2.4263,8.543268e+20,332.1083,0.14,0.1734
2.4311,8.338092e+20,324.7679,0.139,0.1722
2.4358,8.509742e+20,332.1048,0.1381,0.1709
2.4406,8.072178e+20,315.6484,0.1371,0.1697
2.4454,8.233616e+20,322.5962,0.1362,0.1685
2.4503,8.555316e+20,335.863,0.1352,0.1672
2.4551,8.17578e+20,321.5988,0.1342,0.166
2.46,7.582541e+20,298.8552,0.1333,0.1648
2.4649,8.088327e+20,319.4238,0.1324,0.1636
2.4698,7.687304e+20,304.1914,0.1314,0.1624
2.4747,7.647582e+20,303.2236,0.1305,0.1612
2.4797,7.841944e+20,311.5519,0.1296,0.16
2.4847,7.823239e+20,311.4316,0.1286,0.1588
2.4896,7.777302e+20,310.2246,0.1276,0.1576
2.4947,7.947373e+20,317.6463,0.1267,0.1563
2.4997,7.766716e+20,311.0515,0.1257,0.1551
2.5047,8.118237e+20,325.7865,0.1246,0.1538
2.5098,7.59923e+20,305.576,0.1236,0.1525
2.5149,7.737078e+20,311.7501,0.1226,0.1512
2.52,7.190088e+20,290.2991,0.1217,0.15
2.5251,7.495265e+20,303.2369,0.1207,0.1488
2.5303,7.750029e+20,314.1838,0.1197,0.1475
2.5355,6.893193e+20,280.0194,0.1187,0.1462
2.5407,7.272836e+20,296.0469,0.1178,0.145
2.5459,6.678586e+20,272.4157,0.1169,0.1438
2.5511,5.926748e+20,242.2461,0.116,0.1428
2.5564,7.264597e+20,297.5407,0.1151,0.1417
2.5617,7.243232e+20,297.2786,0.1141,0.1404
2.567,7.337511e+20,301.7715,0.1131,0.1391
2.5723,7.382056e+20,304.2334,0.1121,0.1378
2.5776,7.309545e+20,301.8713,0.111,0.1364
2.583,7.265847e+20,300.6918,0.1099,0.1351
2.5884,7.102277e+20,294.5362,0.1089,0.1338
2.5938,7.19713e+20,299.0943,0.1078,0.1324
2.5992,6.929076e+20,288.5583,0.1068,0.1311
2.6047,6.844863e+20,285.6501,0.1058,0.1298
2.6102,7.042886e+20,294.5328,0.1047,0.1285
2.6157,6.776242e+20,283.9796,0.1037,0.1272
2.6212,6.65954e+20,279.6789,0.1026,0.1259
2.6268,6.885093e+20,289.764,0.1016,0.1246
2.6324,6.504147e+20,274.3128,0.1005,0.1233
2.638,6.355733e+20,268.6237,0.0995,0.122
2.6436,6.568665e+20,278.2152,0.0985,0.1207
2.6492,6.500518e+20,275.9171,0.0975,0.1194
2.6549,6.191796e+20,263.3761,0.0965,0.1181
2.6606,6.439721e+20,274.5097,0.0954,0.1169
2.6663,6.266491e+20,267.6998,0.0944,0.1156
2.6721,6.304837e+20,269.9184,0.0934,0.1143
2.6778,6.46042e+20,277.1765,0.0923,0.1129
2.6836,6.396228e+20,275.0164,0.0912,0.1116
2.6895,6.29591e+20,271.2903,0.0901,0.1102
2.6953,6.043194e+20,260.9668,0.0891,0.1089
2.7012,6.043132e+20,261.5327,0.088,0.1076
2.7071,6.0517e+20,262.4753,0.087,0.1063
2.713,6.143907e+20,267.0576,0.0859,0.105
2.719,6.053614e+20,263.7099,0.0848,0.1036
2.7249,5.822642e+20,254.2057,0.0838,0.1023
2.7309,5.82651e+20,254.9349,0.0827,0.101
2.737,5.396307e+20,236.6329,0.0817,0.0997
2.743,5.804964e+20,255.116,0.0807,0.0985
2.7491,6.023895e+20,265.3245,0.0796,0.0971
2.7552,5.770057e+20,254.7089,0.0785,0.0957
2.7613,5.529532e+20,244.635,0.0774,0.0944
2.7675,5.505811e+20,244.1293,0.0764,0.0931
2.7737,5.404474e+20,240.1721,0.0753,0.0918
2.7799,4.721698e+20,210.3003,0.0743,0.0906
2.7862,5.23064e+20,233.4917,0.0734,0.0894
2.7924,5.005323e+20,223.9369,0.0724,0.0882
2.7987,5.101834e+20,228.7701,0.0714,0.087
2.8051,4.996189e+20,224.5397,0.0704,0.0857
2.8114,4.636058e+20,208.8271,0.0694,0.0845
2.8178,4.668924e+20,210.7855,0.0685,0.0834
2.8242,4.044936e+20,183.0306,0.0677,0.0823
2.8307,4.175322e+20,189.3618,0.0668,0.0813
2.8372,4.72452e+20,214.7597,0.0659,0.0802
2.8437,4.596587e+20,209.4236,0.065,0.079
2.8502,4.161635e+20,190.0428,0.064,0.0779
2.8568,3.767894e+20,172.4589,0.0632,0.0768
2.8634,4.050439e+20,185.8193,0.0624,0.0758
2.87,4.323272e+20,198.795,0.0615,0.0747
2.8767,2.580933e+20,118.9532,0.0608,0.0739
2.8834,2.823462e+20,130.4338,0.0603,0.0732
2.8901,3.514459e+20,162.7338,0.0596,0.0724
2.8968,3.768803e+20,174.9187,0.0588,0.0714
2.9036,3.706095e+20,172.4111,0.058,0.0704
2.9104,3.809129e+20,177.6204,0.0572,0.0694
2.9173,3.892394e+20,181.9301,0.0563,0.0683
2.9242,3.75016e+20,175.6955,0.0555,0.0672
2.9311,3.744279e+20,175.8346,0.0546,0.0662
2.938,3.839536e+20,180.7352,0.0537,0.0651
2.945,3.865022e+20,182.3671,0.0528,0.064
2.952,3.378797e+20,159.8047,0.0519,0.0629
2.959,3.661161e+20,173.5727,0.0511,0.0619
2.9661,3.492373e+20,165.9667,0.0503,0.0608
2.9732,3.624882e+20,172.677,0.0494,0.0598
2.9804,3.690066e+20,176.2047,0.0485,0.0587
2.9876,3.557305e+20,170.2745,0.0476,0.0576
2.9948,3.411797e+20,163.7041,0.0467,0.0565
3.002,3.424031e+20,164.6889,0.0459,0.0555
3.0093,3.543185e+20,170.8336,0.045,0.0544
3.0166,3.308847e+20,159.9232,0.0441,0.0533
3.024,2.934115e+20,142.1575,0.0433,0.0523
3.0314,3.416622e+20,165.9397,0.0424,0.0513
3.0388,3.175147e+20,154.5896,0.0416,0.0502
3.0463,3.018272e+20,147.3128,0.0407,0.0492
3.0538,3.050696e+20,149.2621,0.0399,0.0482
3.0613,3.104812e+20,152.2849,0.0391,0.0472
3.0689,3.159512e+20,155.3514,0.0382,0.0462
3.0765,3.086148e+20,152.1207,0.0374,0.0451
3.0842,3.181403e+20,157.206,0.0365,0.044
3.0919,3.03781e+20,150.4849,0.0356,0.043
3.0996,2.895085e+20,143.7732,0.0348,0.0419
3.1035,2.853176e+20,141.8693,0.0343,0.0414
3.1074,2.75788e+20,137.3027,0.0339,0.0409
3.1113,2.587191e+20,128.9665,0.0335,0.0405
3.1152,2.182206e+20,108.9154,0.0332,0.04
3.1191,1.605202e+20,80.21753,0.0329,0.0397
3.123,1.082759e+20,54.17738,0.0328,0.0395
3.127,1.392463e+20,69.7617,0.0326,0.0393
3.1309,1.907569e+20,95.68894,0.0324,0.039
3.1349,2.16116e+20,108.5468,0.0321,0.0387
3.1388,2.0212e+20,101.6456,0.0318,0.0383
3.1428,1.704743e+20,85.83979,0.0315,0.038
3.1468,1.230944e+20,62.06101,0.0313,0.0377
3.1508,9.438624e+19,47.64755,0.0312,0.0376
3.1548,1.18236e+20,59.7632,0.0311,0.0374
3.1588,1.626702e+20,82.32748,0.0309,0.0372
3.1629,1.944215e+20,98.52235,0.0306,0.0369
3.1669,2.103704e+20,106.7406,0.0303,0.0365
3.171,2.066383e+20,104.981,0.03,0.0361
3.175,1.94321e+20,98.84967,0.0297,0.0357
3.1791,1.91957e+20,97.7723,0.0294,0.0354
3.1832,1.822727e+20,92.95886,0.0291,0.035
3.1873,1.638208e+20,83.6558,0.0289,0.0347
3.1914,1.503167e+20,76.85867,0.0286,0.0344
3.1955,1.507949e+20,77.2025,0.0284,0.0342
3.1996,1.516821e+20,77.75696,0.0282,0.0339
3.2037,1.533149e+20,78.69554,0.0279,0.0336
3.2079,1.513688e+20,77.79712,0.0277,0.0333
3.212,1.450142e+20,74.62768,0.0275,0.0331
3.2162,1.497154e+20,77.14696,0.0273,0.0328
3.2204,1.560663e+20,80.52395,0.027,0.0325
3.2246,1.4162e+20,73.16523,0.0268,0.0322
3.2288,1.171786e+20,60.61691,0.0266,0.032
3.233,1.008763e+20,52.25171,0.0265,0.0318
3.2372,1.0379e+20,53.83109,0.0263,0.0316
3.2414,1.153427e+20,59.90118,0.0261,0.0314
3.2457,1.328075e+20,69.06146,0.026,0.0312
3.2499,1.551896e+20,80.80622,0.0257,0.0309
3.2542,1.715255e+20,89.42942,0.0255,0.0306
3.2585,1.679254e+20,87.66746,0.0252,0.0302
3.2627,1.56129e+20,81.61621,0.0249,0.0299
3.267,1.479816e+20,77.4591,0.0247,0.0296
3.2714,1.644309e+20,86.18286,0.0244,0.0293
3.2757,1.8366e+20,96.38852,0.0241,0.0289
3.28,1.877072e+20,98.64288,0.0238,0.0285
3.2843,1.735519e+20,91.32484,0.0235,0.0282
3.2887,1.549579e+20,81.64863,0.0232,0.0278
3.2931,1.438649e+20,75.9043,0.0229,0.0275
3.2975,1.456451e+20,76.94573,0.0227,0.0272
3.3018,1.400817e+20,74.10509,0.0225,0.0269
3.3062,1.261791e+20,66.83943,0.0222,0.0267
3.3107,1.17778e+20,62.4725,0.022,0.0264
3.3151,1.181841e+20,62.77173,0.0218,0.0262
3.3195,1.180196e+20,62.76827,0.0216,0.0259
3.324,1.303995e+20,69.44546,0.0214,0.0257
3.3284,1.348433e+20,71.90842,0.0212,0.0254
3.3329,1.409708e+20,75.27711,0.0209,0.0251
3.3374,1.499939e+20,80.20315,0.0207,0.0248
3.3419,1.43764e+20,76.97556,0.0204,0.0244
3.3464,1.409595e+20,75.57581,0.0202,0.0241
3.3509,1.552922e+20,83.37281,0.0199,0.0238
3.3555,1.525373e+20,82.00459,0.0196,0.0235
3.36,1.414046e+20,76.12262,0.0193,0.0231
3.3646,1.347251e+20,72.62527,0.0191,0.0228
3.3691,1.35086e+20,72.91875,0.0188,0.0225
3.3737,1.429095e+20,77.24679,0.0186,0.0222
3.3783,1.450787e+20,78.52611,0.0183,0.0219
3.3829,1.472309e+20,79.79977,0.018,0.0216
3.3875,1.463783e+20,79.44605,0.0177,0.0212
3.3922,1.360569e+20,73.94518,0.0175,0.0209
3.3968,1.231218e+20,67.00676,0.0172,0.0206
3.4015,1.18092e+20,64.35758,0.017,0.0203
3.4062,1.187229e+20,64.79027,0.0167,0.02
3.4108,1.141644e+20,62.38824,0.0165,0.0198
3.4155,1.168984e+20,63.97033,0.0163,0.0195
3.4203,1.131648e+20,62.01259,0.0161,0.0192
3.425,1.028932e+20,56.46181,0.0159,0.019
3.4297,9.774114e+19,53.70883,0.0157,0.0187
3.4345,9.937623e+19,54.68295,0.0155,0.0185
3.4392,1.075374e+20,59.25581,0.0153,0.0183
3.444,1.133155e+20,62.52639,0.0151,0.018
3.4488,1.06679e+20,58.94629,0.0148,0.0177
3.4536,8.820716e+19,48.80744,0.0146,0.0175
3.4584,7.469309e+19,41.38737,0.0145,0.0173
3.4632,8.011896e+19,44.45584,0.0143,0.0171
3.4681,8.573699e+19,47.63968,0.0142,0.0169
3.4729,8.437647e+19,46.94937,0.014,0.0167
3.4778,9.555522e+19,53.2441,0.0138,0.0165
3.4827,1.014647e+20,56.61631,0.0136,0.0162
3.4876,1.076798e+20,60.16876,0.0134,0.016
3.4925,1.110626e+20,62.14639,0.0132,0.0157
3.4974,1.106229e+20,61.98767,0.0129,0.0154
3.5024,1.089703e+20,61.14786,0.0127,0.0151
3.5073,1.026441e+20,57.67946,0.0125,0.0149
3.5123,9.29434e+19,52.30226,0.0122,0.0146
3.5173,8.707504e+19,49.06945,0.012,0.0144
3.5223,9.17148e+19,51.75751,0.0119,0.0142
3.5273,9.349519e+19,52.83729,0.0117,0.0139
3.5323,9.687177e+19,54.82349,0.0114,0.0137
3.5374,9.920149e+19,56.22206,0.0112,0.0134
3.5424,9.191339e+19,52.16597,0.011,0.0131
3.5475,8.286517e+19,47.09789,0.0108,0.0129
3.5526,8.03681e+19,45.74408,0.0106,0.0127
3.5577,8.306847e+19,47.34891,0.0105,0.0125
3.5628,8.129972e+19,46.40731,0.0103,0.0123
3.5679,8.122752e+19,46.43281,0.0101,0.012
3.573,8.381229e+19,47.9794,0.0099,0.0118
3.5782,8.218872e+19,47.11786,0.0097,0.0116
3.5834,8.035509e+19,46.13324,0.0095,0.0114
3.5885,8.193968e+19,47.11105,0.0093,0.0111
3.5937,7.652586e+19,44.06215,0.0091,0.0109
3.599,6.69122e+19,38.58271,0.009,0.0107
3.6042,6.916005e+19,39.93682,0.0088,0.0105
3.6094,7.999338e+19,46.25982,0.0086,0.0103
3.6147,8.436338e+19,48.85809,0.0084,0.0101
3.62,8.281717e+19,48.03263,0.0082,0.0098
3.6253,7.947786e+19,46.16328,0.008,0.0096
3.6306,7.589726e+19,44.1481,0.0079,0.0094
3.6359,7.589281e+19,44.21024,0.0077,0.0091
3.6412,8.025919e+19,46.82246,0.0075,0.0089
3.6466,8.008009e+19,46.78668,0.0073,0.0087
3.652,7.538347e+19,44.10755,0.0071,0.0085
3.6574,7.332513e+19,42.96648,0.0069,0.0082
3.6628,7.16972e+19,42.07461,0.0067,0.008
3.6682,6.806237e+19,40.00064,0.0065,0.0078
3.6736,6.25161e+19,36.7955,0.0064,0.0076
3.6791,5.808796e+19,34.23993,0.0062,0.0074
3.6845,5.912006e+19,34.90008,0.0061,0.0072
3.69,6.394725e+19,37.80587,0.0059,0.0071
3.6955,6.947964e+19,41.13785,0.0057,0.0068
3.701,7.081043e+19,41.98837,0.0056,0.0066
3.7066,6.763841e+19,40.16741,0.0054,0.0064
3.7121,6.277884e+19,37.33734,0.0052,0.0062
3.7177,6.133313e+19,36.5322,0.005,0.006
3.7232,6.438613e+19,38.40827,0.0049,0.0058
3.7288,6.555179e+19,39.16242,0.0047,0.0056
3.7345,6.48167e+19,38.78158,0.0045,0.0054
3.7401,6.183671e+19,37.05437,0.0043,0.0052
3.7457,5.928386e+19,35.57829,0.0042,0.005
3.7514,6.273578e+19,37.70687,0.004,0.0048
3.7571,6.878272e+19,41.40397,0.0038,0.0046
3.7628,6.809144e+19,41.05005,0.0036,0.0043
3.7685,6.106851e+19,36.87211,0.0035,0.0041
3.7743,5.349162e+19,32.34647,0.0033,0.0039
3.78,5.031341e+19,30.47098,0.0031,0.0038
3.7858,5.486013e+19,33.27531,0.003,0.0036
3.7916,5.651308e+19,34.33032,0.0028,0.0034
3.7974,5.754874e+19,35.01299,0.0027,0.0032
3.8032,5.362445e+19,32.67547,0.0025,0.003
3.809,4.541899e+19,27.71807,0.0024,0.0028
3.8149,3.887926e+19,23.76355,0.0022,0.0027
3.8208,3.929252e+19,24.05314,0.0021,0.0025
3.8267,3.802847e+19,23.31527,0.002,0.0024
3.8326,3.417422e+19,20.98461,0.0019,0.0023
3.8385,2.904243e+19,17.86105,0.0018,0.0022
3.8445,2.956556e+19,18.21097,0.0017,0.0021
3.8504,3.009792e+19,18.56766,0.0016,0.002
3.8564,3.217074e+19,19.87726,0.0015,0.0018
3.8624,3.360694e+19,20.79699,0.0014,0.0017
3.8685,3.278312e+19,20.31884,0.0013,0.0016
3.8745,2.731068e+19,16.95349,0.0012,0.0015
3.8806,2.594072e+19,16.12827,0.0012,0.0014
3.8867,2.698032e+19,16.80092,0.0011,0.0013
3.8928,2.438868e+19,15.21092,0.001,0.0012
3.8989,2.297223e+19,14.35002,0.0009,0.0011
3.905,2.371004e+19,14.83423,0.0009,0.001
3.9112,2.219226e+19,13.90654,0.0008,0.0009
3.9174,1.935578e+19,12.14824,0.0007,0.0009
3.9235,1.582031e+19,9.944994,0.0007,0.0008
3.9298,1.509502e+19,9.504096,0.0006,0.0007
3.936,1.729121e+19,10.90414,0.0006,0.0007
3.9423,1.649538e+19,10.41881,0.0005,0.0006
3.9485,1.504541e+19,9.518114,0.0005,0.0005
3.9548,1.345739e+19,8.527074,0.0004,0.0005
3.9612,1.336323e+19,8.480932,0.0004,0.0004
3.9675,1.226513e+19,7.796484,0.0003,0.0004
3.9739,1.151479e+19,7.331253,0.0003,0.0003
3.9802,1.031868e+19,6.580253,0.0002,0.0003
3.9866,1.012764e+19,6.468809,0.0002,0.0003
3.993,7.966149e+18,5.096399,0.0002,0.0002
3.9995,6.161588e+18,3.948276,0.0002,0.0002
4.006,5.212994e+18,3.345824,0.0001,0.0002
4.0124,4.855702e+18,3.121549,0.0001,0.0001
4.0189,4.938984e+18,3.180234,0.0001,0.0001
4.0255,4.488756e+18,2.895022,0.0001,0.0001
4.032,4.206969e+18,2.717695,0.0001,0.0001
4.0386,3.271763e+18,2.116996,0.0001,0.0001
4.0452,2.467719e+18,1.599344,0.0,0.0001
4.0518,2.16121e+18,1.402982,0.0,0.0
4.0584,2.167073e+18,1.40909,0.0,0.0
4.0651,1.896556e+18,1.235215,0.0,0.0
4.0717,1.370238e+18,0.8938924,0.0,0.0
4.0784,1.08027e+18,0.7058875,0.0,0.0
4.0851,1.019261e+18,0.667119,0.0,0.0
4.0919,8.013216e+17,0.5253404,0.0,0.0
4.0987,4.81485e+17,0.3161797,0.0,0.0
4.1054,3.26659e+17,0.2148643,0.0,0.0
4.1122,2.995004e+17,0.1973271,0.0,0.0
4.1191,2.137046e+17,0.1410341,0.0,0.0
4.1259,1.371703e+17,0.09067594,0.0,0.0
4.1328,1.118752e+17,0.074078,0.0,0.0
4.1397,9.388352e+16,0.0622686,0.0,0.0
4.1466,5.341127e+16,0.03548447,0.0,0.0
4.1536,3.864913e+16,0.02572006,0.0,0.0
4.1605,3.114757e+16,0.02076273,0.0,0.0
4.1675,1.98938e+16,0.01328334,0.0,0.0
4.1746,1.029679e+16,0.006886872,0.0,0.0
4.1816,7550832000000000.0,0.00505879,0.0,0.0
4.1887,5044337000000000.0,0.003385236,0.0,0.0
4.1957,2915281000000000.0,0.001959745,0.0,0.0
4.2029,1281077000000000.0,0.0008626402,0.0,0.0
4.21,683551000000000.0,0.0004610651,0.0,0.0
4.2171,430718200000000.0,0.0002910198,0.0,0.0
4.2243,233099400000000.0,0.0001577647,0.0,0.0
4.2315,88309090000000.0,5.98707e-05,0.0,0.0
4.2388,43372060000000.0,2.945512e-05,0.0,0.0
4.246,27122290000000.0,1.845101e-05,0.0,0.0
4.2533,10975310000000.0,7.479198e-06,0.0,0.0
4.2606,3507106000000.0,2.394046e-06,0.0,0.0
4.268,1371953000000.0,9.381446e-07,0.0,0.0
4.2753,595822300000.0,4.08127e-07,0.0,0.0
4.2827,204409000000.0,1.402581e-07,0.0,0.0
4.2901,55142820000.0,3.790249e-08,0.0,0.0
4.2975,16732560000.0,1.152108e-08,0.0,0.0
4.305,6046172000.0,4.170274e-09,0.0,0.0
4.3125,1052002000.0,7.268679e-10,0.0,0.0
4.32,262681800.0,1.818129e-10,0.0,0.0
4.3275,80037630.0,5.549402e-11,0.0,0.0
4.3351,12997750.0,9.027737e-12,0.0,0.0
4.3427,4026406.0,2.801484e-12,0.0,0.0
4.3503,753272.2,5.250294e-13,0.0,0.0
4.358,232399.5,1.622667e-13,0.0,0.0
4.3656,67587.65,4.727435e-14,0.0,0.0
4.3733,3271.362,2.292198e-15,0.0,0.0
4.3811,1698.087,1.191928e-15,0.0,0.0
4.3888,415.9227,2.924629e-16,0.0,0.0
4.3966,108.7745,7.662218e-17,0.0,0.0
4.4044,14.18533,1.001009e-17,0.0,0.0
4.4122,0.5125665,3.623435e-19,0.0,0.0
4.4201,0.1102828,7.810012e-20,0.0,0.0
